transaction_id,customer_id,transaction_date,transaction_type,amount,mode,merchant_category,city,is_international,account_balance
1,100063,2025-11-21,debit,4067.43,cash,rent,Delhi,0,481662.15
2,100056,2025-04-27,debit,23902.56,card,salary,Bangalore,0,301080.81
3,100031,2025-04-12,debit,8758.94,imps,salary,Bangalore,0,84557.67
4,100009,2025-01-29,debit,18548.23,atm,food,Pune,1,498628.69
5,100041,2026-04-22,credit,3453.15,upi,travel,Chennai,1,194176.68
6,100063,2026-03-01,debit,35018.55,card,salary,Hyderabad,0,66423.0
7,100044,2025-07-04,credit,1149.91,card,transfer,Hyderabad,0,438089.32
8,100093,2025-01-12,debit,7261.38,imps,rent,Mumbai,1,383908.82
9,100090,2025-06-30,debit,13798.4,salary,transfer,Bangalore,0,432884.94
10,100075,2026-03-28,credit,21848.98,neft,rent,Bangalore,0,267065.13
11,100067,2025-12-19,debit,4315.45,atm,shopping,Pune,0,469689.63
12,100085,2026-03-18,debit,2860.48,atm,rent,Chennai,0,127896.38
13,100004,2025-04-16,debit,44534.59,upi,salary,Pune,0,164187.29
14,100033,2025-06-14,credit,558.33,imps,rent,Pune,0,473654.16
15,100090,2025-12-05,debit,25576.72,upi,transfer,Hyderabad,0,475883.25
16,100060,2026-05-28,credit,4549.57,imps,bill_payment,Bangalore,0,258378.74
17,100059,2026-03-05,debit,44548.68,neft,salary,Delhi,0,214635.43
18,100065,2025-02-26,debit,8399.92,neft,shopping,Mumbai,0,497594.06
19,100086,2025-09-21,debit,1409.38,salary,transfer,Hyderabad,0,280108.79
20,100001,2025-09-01,credit,343.4,imps,rent,Chennai,1,343438.96
21,100064,2026-01-31,credit,31314.73,atm,transfer,Mumbai,0,333832.89
22,100075,2025-06-03,credit,3210.89,atm,travel,Chennai,1,448355.35
23,100002,2026-04-26,credit,49862.52,neft,rent,Delhi,1,401698.93
24,100099,2025-12-26,credit,84870.61,neft,travel,Pune,0,7029.72
25,100061,2025-02-19,debit,47481.67,neft,shopping,Mumbai,0,66281.48
26,100043,2025-12-01,credit,2226.85,card,investment,Pune,0,14063.98
27,100045,2025-05-10,credit,2342.13,upi,food,Pune,0,476696.99
28,100070,2025-08-04,credit,698.31,upi,travel,Mumbai,0,315407.31
29,100034,2025-01-10,debit,2699.09,imps,bill_payment,Delhi,0,280067.07
30,100065,2025-02-10,debit,99477.32,cash,bill_payment,Bangalore,1,167046.99
31,100095,2026-04-20,debit,55903.14,cash,travel,Hyderabad,0,337644.75
32,100039,2026-02-11,credit,1816.09,imps,travel,Pune,0,106805.82
33,100056,2025-04-26,credit,215.26,imps,travel,Mumbai,1,58198.96
34,100082,2025-01-31,debit,128.81,cash,food,Hyderabad,1,221708.48
35,100040,2026-02-19,debit,2703.77,card,food,Pune,0,340809.43
36,100023,2025-07-20,debit,4289.62,atm,rent,Mumbai,1,62163.66
37,100091,2025-11-09,credit,2439.59,cash,bill_payment,Pune,1,87664.44
38,100082,2025-01-01,debit,1861.63,neft,investment,Bangalore,0,150254.57
39,100033,2025-04-26,debit,2221.47,cash,investment,Pune,0,191757.88
40,100050,2025-08-02,credit,1297.32,salary,investment,Hyderabad,0,239399.21
41,100100,2025-06-22,credit,989.46,atm,rent,Delhi,0,456890.23
42,100011,2025-05-05,debit,4648.0,salary,salary,Chennai,0,28296.86
43,100005,2026-02-20,debit,1827.0,imps,shopping,Chennai,1,46149.26
44,100051,2025-05-21,credit,4437.48,cash,salary,Bangalore,0,216841.09
45,100046,2026-05-01,credit,33665.03,neft,salary,Mumbai,0,124401.97
46,100095,2025-07-02,credit,862.97,atm,food,Chennai,0,46813.51
47,100092,2025-06-29,credit,2657.09,imps,rent,Delhi,1,362713.88
48,100095,2026-03-10,credit,4441.54,atm,food,Delhi,0,266093.34
49,100033,2026-01-09,debit,1033.69,upi,salary,Chennai,0,100530.2
50,100004,2025-04-12,debit,4057.01,cash,travel,Bangalore,0,439071.95
51,100073,2025-03-25,debit,2931.85,cash,shopping,Bangalore,0,47199.01
52,100030,2025-08-02,debit,982.58,neft,transfer,Delhi,1,288640.3
53,100008,2026-05-01,debit,3698.67,atm,transfer,Pune,1,18667.03
54,100057,2025-12-31,debit,2183.71,cash,salary,Chennai,0,406122.13
55,100056,2025-07-15,debit,135.52,card,shopping,Mumbai,0,189640.16
56,100072,2025-09-09,credit,142684.49,card,food,Bangalore,1,466285.19
57,100099,2025-04-14,credit,20821.54,upi,food,Hyderabad,1,55404.99
58,100095,2025-12-11,credit,14400.82,cash,salary,Mumbai,0,68939.27
59,100074,2025-06-02,credit,1002.37,upi,shopping,Chennai,0,250703.88
60,100042,2026-01-08,credit,3224.58,neft,investment,Mumbai,0,277924.67
61,100058,2025-02-24,credit,1964.24,salary,shopping,Bangalore,0,420217.48
62,100070,2025-10-17,credit,4272.95,atm,salary,Chennai,0,459893.53
63,100086,2026-04-02,credit,213.01,atm,investment,Bangalore,0,83578.03
64,100076,2025-06-19,credit,3558.65,salary,bill_payment,Mumbai,0,137337.54
65,100076,2025-08-08,debit,657.01,neft,rent,Bangalore,0,261549.73
66,100027,2026-01-16,credit,4135.36,atm,shopping,Bangalore,0,153816.57
67,100049,2026-04-24,debit,4643.9,upi,salary,Bangalore,0,156343.71
68,100097,2026-01-28,debit,23217.3,neft,investment,Bangalore,0,51829.71
69,100064,2025-03-20,debit,1772.81,atm,bill_payment,Chennai,1,15752.69
70,100067,2026-05-22,credit,4064.28,cash,food,Hyderabad,0,183282.01
71,100035,2025-03-16,credit,1082.99,upi,salary,Delhi,0,95768.95
72,100039,2026-02-01,debit,44515.36,salary,food,Mumbai,0,68661.39
73,100022,2026-04-03,credit,4820.96,atm,investment,Bangalore,0,118870.63
74,100056,2025-05-02,debit,4139.13,neft,shopping,Chennai,1,189655.5
75,100046,2025-08-25,credit,1203.25,salary,investment,Delhi,1,468704.62
76,100025,2025-12-12,debit,40572.96,neft,food,Pune,0,441075.8
77,100026,2025-06-08,debit,1507.04,neft,salary,Hyderabad,0,484326.13
78,100007,2026-05-05,credit,20933.65,card,bill_payment,Hyderabad,0,355544.81
79,100078,2026-03-18,debit,43836.63,atm,transfer,Bangalore,0,75602.32
80,100090,2026-01-21,debit,4786.27,card,food,Hyderabad,0,173450.27
81,100056,2025-04-20,credit,229.22,upi,transfer,Bangalore,0,6963.76
82,100099,2025-07-29,credit,31418.32,cash,bill_payment,Chennai,0,113061.18
83,100063,2025-04-07,credit,120168.31,card,bill_payment,Hyderabad,1,483086.1
84,100003,2025-03-28,credit,2762.42,upi,food,Hyderabad,0,215960.74
85,100089,2025-10-27,credit,191.1,atm,investment,Pune,0,498142.61
86,100053,2025-06-23,debit,32521.81,imps,investment,Chennai,0,431800.43
87,100024,2026-02-06,debit,4550.48,imps,salary,Bangalore,0,117972.06
88,100009,2026-01-27,debit,1459.04,atm,bill_payment,Mumbai,0,499828.64
89,100068,2026-04-26,debit,3350.2,upi,salary,Delhi,1,281640.85
90,100016,2025-12-27,debit,2240.98,neft,food,Pune,0,259566.34
91,100026,2025-12-08,debit,3174.89,neft,travel,Hyderabad,0,391361.36
92,100036,2025-03-19,debit,4278.27,salary,bill_payment,Mumbai,1,44929.91
93,100016,2025-07-28,credit,1235.51,cash,travel,Chennai,1,226075.61
94,100032,2025-07-03,credit,4348.14,atm,travel,Bangalore,0,204340.73
95,100089,2026-05-27,debit,1844.52,neft,investment,Mumbai,1,465897.83
96,100092,2025-02-03,debit,1640.03,card,bill_payment,Delhi,1,268283.28
97,100076,2025-06-09,credit,23899.17,salary,transfer,Chennai,0,151295.83
98,100020,2026-04-28,debit,44944.86,salary,rent,Hyderabad,0,180328.29
99,100028,2026-03-04,debit,27027.19,imps,shopping,Hyderabad,0,479996.13
100,100085,2025-10-16,credit,3473.46,imps,investment,Mumbai,0,127176.92
101,100096,2025-11-04,credit,746.36,salary,transfer,Pune,0,44297.45
102,100061,2025-10-20,credit,2794.18,imps,rent,Mumbai,0,225060.97
103,100085,2025-06-21,debit,2459.43,neft,bill_payment,Chennai,1,350619.26
104,100067,2025-03-11,credit,1168.15,cash,investment,Pune,0,305184.85
105,100032,2025-06-11,credit,107.56,neft,travel,Pune,0,489863.99
106,100044,2025-07-02,debit,13651.15,upi,travel,Delhi,0,215193.16
107,100047,2026-04-23,credit,4127.08,card,rent,Bangalore,0,222883.63
108,100052,2026-04-28,credit,30570.77,imps,food,Hyderabad,0,243144.3
109,100078,2025-11-25,debit,3033.26,upi,investment,Chennai,1,221438.16
110,100096,2025-03-30,debit,2342.67,cash,shopping,Mumbai,0,55827.52
111,100031,2025-06-08,credit,3307.69,imps,bill_payment,Delhi,0,498295.96
112,100013,2026-03-08,debit,1258.61,card,salary,Chennai,0,195780.97
113,100012,2026-01-26,credit,1851.51,neft,salary,Mumbai,0,101350.52
114,100008,2026-02-01,debit,3270.58,upi,transfer,Pune,0,61669.43
115,100044,2025-06-20,debit,1793.66,cash,shopping,Mumbai,0,64606.77
116,100053,2025-07-08,debit,18727.71,atm,investment,Pune,0,490812.95
117,100030,2025-10-19,credit,21410.16,imps,travel,Mumbai,0,107080.11
118,100074,2025-11-15,credit,2399.44,upi,food,Bangalore,1,150849.76
119,100063,2025-02-04,credit,4452.24,neft,salary,Hyderabad,1,208387.69
120,100034,2025-03-13,debit,285.18,neft,food,Delhi,1,264970.62
121,100034,2025-08-03,debit,43495.1,neft,salary,Bangalore,0,93641.9
122,100029,2026-03-05,credit,389.12,atm,investment,Delhi,0,298293.21
123,100025,2026-03-31,credit,2314.02,cash,shopping,Pune,0,420627.25
124,100003,2025-08-22,debit,2862.47,cash,rent,Mumbai,1,318742.98
125,100080,2025-05-24,credit,4111.1,cash,transfer,Mumbai,0,460406.97
126,100078,2026-01-13,debit,27452.2,neft,rent,Delhi,0,395109.78
127,100004,2025-02-24,debit,2039.94,imps,food,Pune,0,399036.14
128,100005,2025-11-25,credit,3306.27,atm,investment,Chennai,0,451846.38
129,100022,2025-04-01,debit,4013.52,salary,shopping,Pune,0,120783.52
130,100024,2025-04-09,credit,3175.31,salary,transfer,Delhi,0,184892.7
131,100086,2025-08-17,credit,1639.07,neft,food,Mumbai,1,21230.84
132,100072,2026-05-04,debit,16268.79,salary,transfer,Bangalore,0,134454.97
133,100097,2026-05-14,debit,4471.15,imps,bill_payment,Bangalore,0,464432.3
134,100085,2026-02-12,credit,43742.0,imps,rent,Bangalore,1,140905.15
135,100088,2025-01-09,credit,4604.53,neft,bill_payment,Bangalore,0,240896.76
136,100012,2026-03-10,credit,4300.72,upi,salary,Chennai,1,320369.76
137,100092,2025-03-11,debit,4864.6,atm,investment,Hyderabad,0,31347.32
138,100069,2025-04-10,credit,397.19,neft,transfer,Pune,0,295446.45
139,100078,2025-03-06,debit,4861.1,neft,rent,Pune,0,263726.68
140,100004,2025-11-09,credit,8548.76,imps,shopping,Bangalore,0,463517.3
141,100036,2025-06-22,credit,3185.18,atm,shopping,Chennai,0,133449.18
142,100068,2025-10-18,credit,131006.89,imps,bill_payment,Pune,0,374984.62
143,100071,2026-01-20,debit,3628.55,card,travel,Bangalore,0,339890.73
144,100054,2025-07-25,credit,1695.9,cash,shopping,Pune,0,274133.57
145,100052,2025-08-25,credit,3904.44,cash,shopping,Delhi,0,319695.8
146,100051,2025-03-22,credit,133031.77,salary,bill_payment,Bangalore,1,246646.84
147,100063,2025-09-18,debit,409.66,upi,travel,Pune,1,497093.78
148,100046,2025-09-12,debit,191.34,imps,food,Pune,0,98770.57
149,100018,2026-03-03,debit,4956.47,neft,salary,Mumbai,0,142884.81
150,100024,2025-06-04,credit,2790.03,neft,shopping,Bangalore,0,26325.93
151,100043,2026-05-17,debit,4501.91,salary,investment,Pune,1,354847.98
152,100069,2025-06-28,debit,1121.96,upi,food,Hyderabad,0,276121.84
153,100010,2025-01-05,debit,2475.74,imps,shopping,Chennai,0,389266.28
154,100045,2025-11-22,debit,5658.65,neft,rent,Hyderabad,0,109081.16
155,100060,2025-12-04,credit,3429.13,neft,bill_payment,Mumbai,0,496473.16
156,100062,2026-02-28,credit,417.23,neft,salary,Chennai,0,105344.69
157,100068,2026-01-29,debit,129.49,neft,salary,Hyderabad,0,337701.81
158,100089,2025-09-25,debit,4448.31,imps,rent,Mumbai,0,114109.95
159,100070,2025-04-08,debit,1673.72,upi,food,Chennai,0,186193.41
160,100025,2025-12-07,debit,4140.56,neft,travel,Mumbai,0,416599.05
161,100067,2025-01-15,credit,1090.36,imps,salary,Mumbai,0,259548.13
162,100085,2025-09-20,debit,22332.62,neft,transfer,Pune,0,25050.73
163,100027,2025-01-20,debit,16523.61,cash,food,Chennai,1,82049.85
164,100058,2025-06-29,debit,40735.0,atm,investment,Pune,1,287026.36
165,100049,2025-05-10,credit,230.51,atm,transfer,Mumbai,1,233199.4
166,100043,2026-04-02,debit,4579.85,imps,food,Mumbai,1,267473.88
167,100092,2026-05-05,debit,1020.68,upi,food,Hyderabad,0,424664.03
168,100010,2026-02-28,credit,3952.26,salary,transfer,Bangalore,0,130955.18
169,100021,2025-06-22,credit,2013.16,imps,rent,Delhi,0,142977.74
170,100011,2025-07-24,credit,4220.42,neft,travel,Mumbai,1,153178.29
171,100071,2026-05-05,debit,44049.16,cash,bill_payment,Delhi,0,44024.55
172,100086,2026-04-21,credit,613.65,cash,shopping,Pune,0,427164.0
173,100004,2025-08-13,credit,3909.88,atm,travel,Hyderabad,0,300605.85
174,100069,2025-08-18,credit,3110.65,card,transfer,Pune,0,111787.74
175,100060,2025-01-19,debit,3426.82,card,transfer,Chennai,0,79157.54
176,100073,2025-06-23,debit,299.08,neft,transfer,Mumbai,0,235355.94
177,100040,2026-01-28,credit,3279.13,imps,salary,Mumbai,0,189404.81
178,100084,2025-11-14,credit,4115.17,imps,salary,Mumbai,0,304906.99
179,100062,2025-12-23,credit,734.99,upi,rent,Pune,0,280788.48
180,100033,2025-02-05,credit,15136.07,cash,shopping,Hyderabad,0,103066.99
181,100070,2025-01-10,debit,4195.51,salary,investment,Chennai,0,256745.95
182,100047,2025-01-13,debit,33599.89,atm,shopping,Delhi,0,277065.67
183,100066,2025-04-08,credit,4736.33,card,rent,Bangalore,0,251335.06
184,100087,2026-03-20,credit,4971.3,salary,food,Pune,0,342437.79
185,100049,2025-12-31,debit,766.3,cash,bill_payment,Pune,0,19499.29
186,100094,2026-02-02,debit,7091.5,cash,shopping,Hyderabad,0,195710.52
187,100036,2025-08-14,credit,2888.76,salary,transfer,Mumbai,1,278611.28
188,100055,2026-04-18,credit,466.28,card,travel,Hyderabad,0,374541.04
189,100023,2025-02-05,debit,635.31,salary,transfer,Delhi,0,392359.79
190,100016,2025-04-30,debit,103228.47,imps,salary,Delhi,0,119711.18
191,100039,2025-02-18,credit,4785.36,upi,transfer,Bangalore,0,73177.31
192,100008,2025-12-19,credit,4653.23,imps,food,Pune,1,27667.76
193,100097,2026-03-11,debit,3448.66,cash,bill_payment,Delhi,0,222610.27
194,100057,2025-11-07,debit,9791.27,cash,shopping,Delhi,0,82180.36
195,100029,2025-09-28,debit,4784.95,upi,travel,Hyderabad,1,295997.44
196,100042,2025-06-17,credit,2335.66,neft,food,Bangalore,0,364470.9
197,100081,2026-05-25,debit,26416.22,upi,food,Hyderabad,0,118568.88
198,100088,2026-03-24,credit,2662.18,neft,investment,Pune,0,28001.7
199,100082,2025-11-21,debit,4813.56,cash,bill_payment,Bangalore,0,376316.92
200,100065,2025-04-25,credit,2981.6,cash,rent,Hyderabad,1,92801.21
201,100014,2026-05-04,credit,4110.58,cash,investment,Bangalore,0,294084.31
202,100092,2026-02-19,credit,3589.03,neft,travel,Hyderabad,0,404062.78
203,100046,2025-11-05,credit,1602.83,cash,travel,Mumbai,0,198289.09
204,100050,2025-10-05,credit,1522.15,cash,rent,Pune,0,88951.21
205,100070,2026-05-22,debit,186.55,upi,shopping,Hyderabad,0,323693.18
206,100057,2025-03-28,credit,2670.32,card,investment,Bangalore,0,464833.92
207,100081,2025-01-31,credit,992.75,upi,food,Delhi,0,406116.37
208,100039,2025-10-29,credit,3858.08,card,transfer,Bangalore,0,201698.62
209,100054,2025-08-16,credit,4332.47,upi,transfer,Delhi,0,155979.55
210,100007,2025-09-24,credit,4313.05,neft,investment,Bangalore,0,469353.2
211,100042,2025-07-22,debit,3932.11,neft,travel,Pune,1,256604.96
212,100093,2025-05-29,debit,20456.8,card,rent,Delhi,0,388930.15
213,100092,2026-02-27,credit,4212.59,neft,food,Mumbai,0,318957.52
214,100029,2025-01-12,credit,3180.91,imps,shopping,Delhi,0,442296.92
215,100014,2025-09-09,debit,845.54,neft,transfer,Hyderabad,0,6192.77
216,100037,2026-03-31,credit,1709.67,upi,rent,Mumbai,0,350521.76
217,100099,2025-12-27,debit,3771.74,imps,food,Bangalore,0,318431.18
218,100057,2025-11-14,credit,287.62,imps,investment,Pune,0,268723.88
219,100041,2025-11-04,debit,15123.44,atm,shopping,Chennai,1,381465.54
220,100076,2025-10-29,credit,1821.91,imps,rent,Chennai,0,219492.17
221,100094,2025-08-02,credit,2218.61,imps,bill_payment,Hyderabad,0,106036.7
222,100020,2025-01-25,debit,4238.43,cash,transfer,Pune,0,286195.28
223,100099,2025-08-02,credit,377.21,neft,investment,Pune,1,487230.73
224,100014,2026-04-18,debit,2663.89,imps,food,Mumbai,0,346003.73
225,100008,2025-02-06,debit,1511.08,card,investment,Chennai,0,257052.0
226,100039,2025-03-14,credit,12643.16,upi,shopping,Chennai,1,91296.03
227,100025,2026-04-06,credit,3354.43,neft,bill_payment,Bangalore,0,8511.09
228,100084,2026-03-27,debit,43137.12,cash,food,Pune,0,82132.33
229,100048,2025-04-01,debit,3151.45,neft,bill_payment,Mumbai,0,34210.75
230,100041,2026-04-17,credit,3952.59,salary,rent,Chennai,0,101525.19
231,100068,2025-06-18,credit,14606.54,neft,shopping,Bangalore,0,348633.78
232,100034,2026-04-27,debit,4768.01,salary,rent,Pune,0,368454.27
233,100021,2025-08-25,credit,4049.48,upi,salary,Pune,0,337674.89
234,100058,2026-02-25,credit,13435.57,cash,bill_payment,Mumbai,1,239741.23
235,100012,2025-08-29,credit,160.51,upi,investment,Delhi,0,324008.26
236,100094,2025-09-24,credit,1628.22,cash,salary,Pune,0,368661.51
237,100098,2025-10-05,credit,3506.8,salary,travel,Bangalore,0,211656.77
238,100052,2026-03-28,debit,3226.45,neft,shopping,Chennai,0,266478.29
239,100087,2025-05-14,credit,43901.93,card,rent,Delhi,0,205050.59
240,100005,2026-03-20,debit,4985.36,upi,food,Delhi,0,143137.67
241,100085,2025-01-02,debit,896.64,cash,travel,Delhi,0,199978.63
242,100067,2025-11-15,debit,14965.4,neft,travel,Chennai,0,20654.76
243,100005,2026-04-02,credit,78379.26,neft,transfer,Bangalore,0,264722.17
244,100059,2025-06-25,debit,3234.96,neft,food,Bangalore,1,259668.72
245,100054,2025-01-07,credit,1860.32,atm,transfer,Chennai,1,97142.09
246,100081,2025-07-31,debit,27006.64,cash,travel,Hyderabad,0,395797.54
247,100016,2026-05-04,credit,3484.04,imps,rent,Delhi,0,259677.11
248,100050,2025-02-14,debit,109577.47,cash,investment,Hyderabad,1,483745.07
249,100040,2025-05-08,credit,3407.1,atm,bill_payment,Hyderabad,1,432773.32
250,100031,2026-04-22,debit,515.68,card,bill_payment,Bangalore,1,330509.25
251,100042,2025-09-29,credit,53937.74,cash,food,Hyderabad,0,142679.48
252,100017,2025-11-15,debit,3190.03,imps,food,Hyderabad,0,357598.37
253,100045,2025-10-06,credit,3973.35,neft,shopping,Chennai,0,50648.0
254,100016,2025-11-26,credit,1179.6,neft,salary,Delhi,0,46178.42
255,100063,2025-10-09,debit,4236.38,atm,salary,Chennai,0,460852.93
256,100037,2026-05-24,debit,49835.11,atm,shopping,Bangalore,1,437094.66
257,100074,2026-06-01,credit,46608.71,neft,food,Pune,0,497257.67
258,100019,2025-09-25,credit,2946.29,upi,rent,Delhi,0,155704.69
259,100087,2026-04-03,credit,1810.96,imps,transfer,Mumbai,0,381639.46
260,100094,2025-01-04,credit,1139.13,salary,shopping,Hyderabad,1,76085.61
261,100044,2025-10-15,credit,27526.87,imps,bill_payment,Bangalore,1,355105.07
262,100053,2026-03-10,debit,1426.83,salary,shopping,Delhi,0,105568.45
263,100028,2025-07-29,debit,3642.7,atm,rent,Bangalore,0,40291.22
264,100079,2026-04-22,credit,3038.08,upi,food,Chennai,0,127630.4
265,100074,2025-03-27,debit,1760.28,upi,transfer,Bangalore,1,327280.71
266,100071,2025-07-04,credit,37893.65,upi,bill_payment,Bangalore,0,175258.57
267,100069,2025-10-27,debit,3120.52,cash,rent,Pune,0,117781.31
268,100017,2025-05-24,debit,14991.53,cash,bill_payment,Mumbai,1,409852.43
269,100100,2025-06-06,credit,19828.92,atm,salary,Pune,1,437706.5
270,100013,2025-02-11,credit,630.92,upi,bill_payment,Bangalore,0,444347.14
271,100041,2025-05-23,debit,292.38,imps,food,Pune,0,405438.52
272,100033,2025-12-24,debit,2163.95,salary,shopping,Delhi,0,143767.19
273,100039,2026-01-07,debit,1353.49,upi,food,Hyderabad,0,335962.4
274,100007,2025-09-16,debit,2061.52,card,rent,Hyderabad,0,384599.56
275,100030,2025-08-30,credit,3663.76,upi,food,Hyderabad,1,381954.85
276,100031,2026-04-11,credit,4582.43,imps,rent,Bangalore,1,151357.64
277,100005,2026-03-04,credit,644.24,imps,travel,Mumbai,0,90154.9
278,100028,2025-05-12,credit,2893.74,cash,shopping,Delhi,0,88172.21
279,100038,2025-08-03,credit,1285.21,atm,transfer,Hyderabad,0,142902.13
280,100082,2025-12-11,debit,18585.11,atm,bill_payment,Pune,0,22557.64
281,100006,2025-10-08,debit,20844.1,salary,shopping,Mumbai,0,429589.92
282,100096,2026-04-14,debit,45557.68,cash,travel,Hyderabad,1,130111.93
283,100007,2025-05-24,debit,35579.01,card,travel,Mumbai,0,133893.24
284,100082,2026-02-12,debit,1980.43,salary,salary,Chennai,0,241852.97
285,100029,2025-04-13,debit,2397.61,atm,investment,Pune,0,54295.38
286,100078,2025-09-15,credit,1704.09,card,travel,Hyderabad,0,261684.61
287,100019,2026-05-12,debit,21829.83,neft,shopping,Chennai,0,161280.21
288,100076,2025-07-27,debit,5798.17,card,salary,Delhi,0,483303.65
289,100087,2026-04-02,credit,2551.65,neft,salary,Hyderabad,0,68539.12
290,100050,2025-05-30,credit,558.41,neft,salary,Mumbai,0,79427.76
291,100028,2025-01-21,debit,195.85,neft,transfer,Hyderabad,1,128796.88
292,100066,2026-01-23,credit,13495.6,card,shopping,Chennai,0,72260.65
293,100029,2025-05-15,credit,14612.18,card,food,Hyderabad,0,157244.2
294,100032,2025-08-08,debit,568.19,upi,travel,Pune,0,121973.12
295,100072,2025-01-12,debit,1454.08,atm,rent,Delhi,0,210086.82
296,100061,2025-11-26,debit,3715.74,salary,food,Hyderabad,0,488217.78
297,100029,2025-10-14,credit,13446.88,atm,shopping,Bangalore,0,140403.85
298,100049,2026-02-19,debit,4124.33,upi,salary,Mumbai,0,274409.06
299,100073,2025-01-22,credit,2462.98,atm,food,Hyderabad,0,70986.25
300,100022,2025-01-02,credit,2611.25,neft,rent,Mumbai,0,398710.98
301,100055,2025-03-08,debit,3032.5,atm,investment,Delhi,0,287782.22
302,100071,2025-06-20,credit,14820.42,salary,investment,Pune,1,356690.96
303,100085,2025-08-16,credit,2264.16,atm,travel,Hyderabad,0,323722.72
304,100050,2025-01-20,credit,744.9,card,food,Pune,0,295247.28
305,100020,2025-06-28,debit,2269.3,salary,investment,Bangalore,0,313349.19
306,100050,2026-05-09,credit,4830.17,card,salary,Delhi,0,104130.62
307,100033,2025-04-09,credit,2345.52,upi,rent,Hyderabad,1,259252.5
308,100056,2025-04-27,credit,3212.74,imps,salary,Hyderabad,0,145780.82
309,100088,2026-01-13,debit,1319.37,card,shopping,Mumbai,0,488544.29
310,100090,2025-12-08,debit,4235.29,imps,bill_payment,Hyderabad,1,169170.83
311,100095,2025-06-12,credit,1400.5,salary,salary,Chennai,0,342339.22
312,100036,2026-02-23,debit,1665.07,card,investment,Delhi,0,19381.21
313,100028,2025-05-02,debit,90206.88,atm,shopping,Hyderabad,0,163149.98
314,100078,2026-05-01,debit,4508.62,upi,bill_payment,Chennai,0,30661.61
315,100033,2025-01-16,debit,2491.59,atm,travel,Bangalore,1,207297.35
316,100046,2025-07-07,credit,4652.2,salary,travel,Bangalore,0,38411.11
317,100038,2026-06-01,debit,107.92,imps,travel,Bangalore,0,220770.13
318,100049,2025-08-18,debit,1357.51,card,transfer,Pune,0,136235.48
319,100063,2026-05-02,debit,4584.26,atm,rent,Hyderabad,1,454567.98
320,100048,2026-05-28,debit,828.1,neft,bill_payment,Chennai,0,16834.08
321,100032,2025-04-08,credit,4469.58,cash,bill_payment,Chennai,1,444024.37
322,100006,2025-03-19,debit,4158.59,cash,salary,Mumbai,0,268701.58
323,100099,2026-04-25,credit,82038.07,atm,travel,Mumbai,0,75590.17
324,100066,2025-01-14,credit,14443.62,upi,salary,Delhi,0,235786.03
325,100081,2026-02-05,credit,15929.91,upi,transfer,Delhi,0,355887.29
326,100096,2025-08-26,debit,3081.86,card,shopping,Delhi,0,310133.69
327,100002,2026-04-02,debit,36402.98,imps,transfer,Delhi,0,403987.46
328,100042,2025-12-03,credit,4526.19,card,rent,Hyderabad,0,421450.94
329,100097,2025-05-09,credit,6938.15,salary,salary,Delhi,0,372914.15
330,100080,2026-02-28,debit,128121.33,cash,salary,Mumbai,0,174333.08
331,100015,2025-01-27,debit,2086.99,neft,salary,Delhi,0,199911.78
332,100057,2025-11-21,credit,36955.42,salary,salary,Hyderabad,1,198596.75
333,100010,2025-10-20,credit,3059.76,card,transfer,Bangalore,0,380422.5
334,100066,2025-10-14,credit,30660.29,atm,food,Pune,0,219815.09
335,100048,2026-04-18,debit,2087.69,cash,salary,Pune,0,22069.42
336,100047,2025-07-25,credit,1976.94,card,investment,Mumbai,1,101169.48
337,100068,2025-11-28,debit,3485.08,salary,salary,Bangalore,0,216381.46
338,100055,2025-09-04,credit,32949.51,upi,food,Hyderabad,0,164365.21
339,100013,2025-05-20,credit,16479.21,upi,shopping,Delhi,0,461369.57
340,100084,2025-11-20,debit,16378.36,neft,food,Hyderabad,0,370626.5
341,100040,2026-03-20,debit,115.62,card,salary,Bangalore,1,332689.63
342,100042,2025-05-01,debit,1812.28,neft,salary,Hyderabad,0,279413.92
343,100022,2026-02-23,debit,3222.9,salary,food,Bangalore,0,139539.77
344,100057,2025-05-08,credit,20164.57,card,transfer,Pune,0,451300.59
345,100057,2025-06-03,debit,4808.07,card,travel,Mumbai,0,120626.07
346,100033,2025-08-12,credit,2955.5,card,salary,Pune,1,96575.87
347,100081,2026-03-24,debit,47060.59,imps,investment,Bangalore,0,165502.85
348,100043,2025-05-22,credit,2668.95,atm,food,Hyderabad,0,179062.63
349,100091,2025-03-21,credit,1291.24,cash,bill_payment,Delhi,1,356495.43
350,100095,2025-03-21,credit,640.65,salary,salary,Chennai,1,414800.92
351,100091,2025-03-15,debit,5875.0,card,transfer,Bangalore,0,240283.16
352,100068,2026-03-05,debit,3386.68,cash,rent,Pune,1,96372.6
353,100048,2026-02-12,debit,561.36,neft,transfer,Mumbai,0,473170.36
354,100048,2025-02-11,debit,4300.92,salary,shopping,Chennai,0,260711.97
355,100018,2025-03-18,credit,1545.6,cash,rent,Pune,0,377389.51
356,100068,2026-05-31,credit,48306.85,salary,investment,Pune,0,173990.95
357,100064,2026-05-31,debit,110636.47,atm,transfer,Hyderabad,0,16468.06
358,100036,2025-06-10,credit,24469.57,upi,food,Delhi,0,33336.36
359,100057,2026-02-05,debit,1599.97,upi,transfer,Pune,0,228312.04
360,100077,2026-02-06,debit,2304.57,atm,travel,Delhi,1,476184.04
361,100073,2025-03-15,debit,4569.44,card,rent,Chennai,0,455185.14
362,100048,2026-03-26,credit,351.84,cash,transfer,Pune,1,231540.47
363,100064,2026-05-17,credit,2789.93,salary,shopping,Chennai,0,463310.97
364,100064,2026-01-29,debit,4619.0,salary,transfer,Delhi,0,376149.11
365,100084,2025-01-01,debit,68046.73,neft,shopping,Chennai,0,221575.9
366,100019,2025-08-31,debit,3446.01,atm,rent,Bangalore,0,438834.35
367,100038,2025-01-17,debit,1948.65,card,salary,Chennai,0,359481.26
368,100085,2026-03-06,debit,4480.7,salary,travel,Delhi,0,310340.45
369,100042,2026-02-26,debit,1677.59,card,rent,Delhi,0,370742.85
370,100010,2025-12-25,debit,19553.51,salary,travel,Bangalore,0,185066.64
371,100047,2025-08-12,debit,2806.44,atm,transfer,Delhi,0,406597.02
372,100088,2025-02-02,debit,84626.64,salary,travel,Bangalore,1,305508.88
373,100025,2026-05-28,credit,4854.64,upi,shopping,Mumbai,0,46610.48
374,100032,2025-07-23,credit,273.42,imps,salary,Bangalore,0,466676.63
375,100012,2025-09-10,credit,3329.83,atm,investment,Pune,0,175728.2
376,100010,2025-01-05,debit,4530.58,atm,transfer,Hyderabad,1,444586.57
377,100037,2026-01-27,credit,2165.59,cash,shopping,Bangalore,0,480192.92
378,100048,2026-05-09,credit,4028.24,card,investment,Hyderabad,1,8008.43
379,100016,2025-12-27,credit,90866.58,atm,investment,Delhi,0,454513.62
380,100080,2025-04-02,credit,503.57,cash,salary,Pune,1,134402.51
381,100039,2025-08-06,credit,3517.33,cash,shopping,Pune,0,426296.6
382,100097,2025-12-15,debit,3064.38,neft,bill_payment,Hyderabad,0,462853.16
383,100071,2026-03-29,credit,120085.11,neft,salary,Chennai,0,19131.19
384,100044,2026-01-06,credit,1160.67,atm,investment,Chennai,1,31359.96
385,100062,2025-03-06,credit,15323.06,salary,investment,Bangalore,0,259951.5
386,100097,2025-08-08,credit,3181.36,atm,investment,Delhi,0,278444.39
387,100074,2025-06-30,debit,1266.51,atm,rent,Chennai,0,157239.22
388,100079,2026-02-06,debit,2604.5,salary,transfer,Mumbai,1,381050.11
389,100047,2025-06-19,debit,1061.24,imps,transfer,Chennai,0,40176.53
390,100074,2025-03-31,debit,295.57,atm,salary,Bangalore,0,383319.56
391,100047,2026-01-09,credit,1674.18,salary,salary,Chennai,0,404187.94
392,100088,2025-05-18,credit,31520.21,atm,shopping,Bangalore,0,103549.09
393,100008,2025-07-27,debit,2678.74,card,bill_payment,Hyderabad,0,74264.14
394,100026,2025-11-05,debit,10550.72,atm,salary,Hyderabad,0,82643.99
395,100070,2025-04-29,debit,3501.67,upi,food,Mumbai,0,162184.07
396,100091,2025-07-23,credit,14871.88,card,rent,Mumbai,0,68789.67
397,100009,2026-01-08,debit,1449.79,neft,rent,Hyderabad,1,68796.1
398,100016,2025-09-08,credit,29735.48,cash,bill_payment,Bangalore,0,80461.84
399,100065,2026-02-13,debit,40542.74,neft,shopping,Bangalore,0,302572.34
400,100023,2025-12-14,debit,37212.69,cash,salary,Mumbai,0,416585.55
401,100040,2025-12-01,credit,719.64,salary,investment,Pune,1,444480.58
402,100017,2025-10-15,credit,1818.11,neft,bill_payment,Hyderabad,0,350754.67
403,100017,2025-06-15,credit,13067.34,cash,travel,Pune,0,74806.86
404,100094,2025-10-01,credit,2511.29,cash,bill_payment,Bangalore,0,326588.12
405,100010,2025-03-12,credit,33216.83,card,transfer,Pune,0,256720.55
406,100049,2026-01-02,debit,11512.94,upi,rent,Mumbai,0,32704.02
407,100085,2025-01-23,debit,2509.44,salary,food,Delhi,1,20576.34
408,100006,2025-06-12,debit,2470.15,card,investment,Pune,0,366270.22
409,100024,2025-08-08,debit,1811.79,salary,travel,Hyderabad,0,442302.86
410,100013,2025-11-07,credit,4976.02,upi,travel,Delhi,0,352358.81
411,100024,2025-12-10,debit,691.2,card,food,Bangalore,1,263865.92
412,100055,2026-04-01,credit,3640.04,salary,salary,Mumbai,0,253254.37
413,100003,2025-09-01,credit,2730.78,salary,investment,Delhi,0,432802.36
414,100031,2025-10-15,credit,4634.25,atm,food,Delhi,0,108635.73
415,100002,2025-08-04,debit,82548.02,salary,shopping,Chennai,0,85248.36
416,100084,2025-03-07,debit,4551.25,card,travel,Delhi,1,243129.25
417,100045,2025-11-16,credit,10191.12,upi,travel,Pune,0,273433.04
418,100099,2025-07-19,debit,3007.85,imps,investment,Pune,0,419777.7
419,100067,2025-05-01,debit,4652.4,neft,transfer,Mumbai,1,98468.95
420,100080,2026-03-13,debit,3720.51,cash,bill_payment,Mumbai,0,385999.49
421,100014,2025-09-24,credit,19608.94,atm,shopping,Hyderabad,0,288029.81
422,100064,2025-06-27,credit,3457.89,upi,salary,Chennai,0,476546.35
423,100077,2025-08-13,credit,194.11,atm,shopping,Bangalore,1,216100.25
424,100094,2026-01-19,credit,41851.18,upi,salary,Delhi,0,300639.49
425,100004,2025-04-05,credit,3505.08,card,transfer,Hyderabad,1,213542.55
426,100035,2025-09-07,credit,227.93,neft,bill_payment,Delhi,1,167188.57
427,100049,2026-01-02,debit,575.47,imps,transfer,Chennai,0,380858.59
428,100018,2025-04-13,debit,543.85,cash,investment,Mumbai,0,412253.84
429,100041,2025-02-18,credit,2574.13,cash,investment,Bangalore,0,52594.0
430,100001,2025-06-12,debit,311.55,atm,transfer,Pune,1,223409.77
431,100079,2026-03-28,debit,40174.63,salary,travel,Hyderabad,0,114821.4
432,100024,2025-12-15,credit,2257.23,atm,travel,Bangalore,0,273380.59
433,100061,2025-12-03,credit,4940.62,neft,transfer,Chennai,0,323598.68
434,100027,2025-10-11,credit,2505.81,neft,bill_payment,Hyderabad,0,284285.34
435,100014,2025-06-14,credit,255.88,imps,shopping,Hyderabad,0,239117.82
436,100027,2026-02-03,credit,141.53,salary,food,Chennai,0,106759.33
437,100071,2025-01-30,debit,1050.28,imps,transfer,Hyderabad,0,339465.65
438,100074,2025-03-13,credit,4565.57,salary,travel,Chennai,0,351709.93
439,100019,2025-01-15,credit,327.26,imps,bill_payment,Chennai,1,384348.05
440,100032,2026-01-26,debit,1222.44,atm,travel,Hyderabad,0,43332.81
441,100022,2026-03-16,credit,4677.38,atm,travel,Bangalore,0,260302.46
442,100045,2025-06-12,debit,2287.17,imps,travel,Hyderabad,1,320022.76
443,100036,2026-03-28,debit,43554.91,neft,travel,Mumbai,0,259036.81
444,100031,2025-01-07,debit,3228.48,upi,shopping,Mumbai,1,75104.54
445,100062,2025-12-28,credit,1007.89,atm,transfer,Bangalore,0,31205.84
446,100075,2026-01-01,debit,4747.29,neft,transfer,Pune,0,36761.67
447,100036,2026-05-10,credit,418.53,salary,salary,Hyderabad,1,346998.32
448,100016,2026-04-30,credit,356.1,cash,shopping,Hyderabad,0,282146.79
449,100044,2025-09-09,credit,2915.98,imps,bill_payment,Mumbai,1,62768.03
450,100004,2025-10-14,debit,2799.02,salary,transfer,Pune,0,248398.07
451,100064,2025-08-20,debit,4464.47,upi,bill_payment,Bangalore,0,44848.38
452,100071,2026-01-24,credit,3652.25,atm,shopping,Hyderabad,0,17662.15
453,100015,2025-03-05,credit,3154.29,cash,shopping,Chennai,1,446176.13
454,100072,2025-12-16,debit,2927.47,neft,salary,Delhi,1,362753.39
455,100060,2026-05-23,debit,94286.63,upi,rent,Hyderabad,0,475403.03
456,100005,2025-05-20,credit,3299.73,neft,bill_payment,Mumbai,1,241145.6
457,100083,2026-02-05,credit,2329.51,imps,travel,Mumbai,1,120647.53
458,100032,2025-12-11,credit,19963.01,imps,investment,Bangalore,0,119793.03
459,100070,2026-01-23,credit,3402.52,upi,food,Pune,0,298656.91
460,100017,2025-08-14,credit,1836.39,atm,travel,Delhi,0,73743.63
461,100040,2025-05-01,credit,4582.84,neft,food,Chennai,0,491236.39
462,100087,2025-01-05,debit,843.99,card,bill_payment,Chennai,0,34381.01
463,100087,2025-10-18,credit,2328.04,card,investment,Pune,0,105856.3
464,100015,2025-09-09,credit,4934.62,cash,bill_payment,Chennai,1,447341.13
465,100034,2025-02-16,credit,5172.39,upi,food,Pune,0,84167.44
466,100022,2025-08-29,debit,99433.4,neft,investment,Mumbai,0,193289.13
467,100006,2025-09-04,credit,2495.89,card,shopping,Delhi,0,206888.18
468,100064,2025-02-22,debit,4773.32,neft,shopping,Hyderabad,0,74566.31
469,100053,2025-01-19,credit,4331.24,atm,shopping,Hyderabad,0,394788.55
470,100067,2026-02-27,credit,312.81,card,salary,Delhi,0,254592.0
471,100094,2026-03-30,debit,962.51,atm,travel,Hyderabad,0,431358.67
472,100003,2025-10-11,credit,1617.83,upi,transfer,Hyderabad,0,241699.48
473,100087,2026-04-20,credit,753.88,neft,travel,Bangalore,1,432227.36
474,100024,2025-02-07,debit,2979.6,imps,salary,Chennai,0,22752.35
475,100035,2025-12-19,debit,45508.36,card,bill_payment,Delhi,1,217321.77
476,100056,2025-03-10,credit,2110.61,cash,salary,Bangalore,0,495054.35
477,100030,2025-04-20,credit,3914.15,atm,bill_payment,Chennai,0,404626.64
478,100054,2025-07-15,credit,4242.5,salary,transfer,Delhi,0,378613.93
479,100096,2025-12-23,credit,956.85,upi,salary,Bangalore,0,435342.64
480,100080,2025-08-27,credit,4852.05,salary,transfer,Delhi,0,302927.78
481,100047,2025-03-18,debit,1828.18,cash,salary,Chennai,1,480791.58
482,100040,2025-03-12,debit,125575.26,salary,transfer,Mumbai,0,29714.32
483,100091,2025-06-04,credit,4769.43,card,travel,Bangalore,0,291439.64
484,100095,2026-01-08,credit,1850.47,neft,transfer,Pune,0,476524.17
485,100014,2026-01-18,debit,2563.41,upi,travel,Delhi,1,362008.06
486,100024,2025-06-13,credit,4093.19,upi,rent,Pune,0,179649.16
487,100065,2026-04-13,debit,618.86,card,bill_payment,Mumbai,1,359076.86
488,100021,2025-06-12,debit,2260.7,imps,shopping,Delhi,0,10866.62
489,100030,2026-01-07,debit,1838.06,atm,salary,Bangalore,0,109094.61
490,100043,2025-08-31,credit,3090.52,salary,investment,Mumbai,1,57587.49
491,100100,2025-03-30,debit,601.23,card,transfer,Hyderabad,0,301732.81
492,100006,2025-09-28,debit,7436.33,atm,investment,Delhi,1,439588.54
493,100062,2025-03-13,credit,1274.43,atm,investment,Delhi,0,314339.76
494,100096,2025-01-16,credit,10475.36,atm,salary,Hyderabad,0,210511.82
495,100087,2025-09-27,credit,594.12,cash,rent,Mumbai,0,287738.38
496,100020,2025-09-19,debit,598.66,atm,food,Delhi,1,369805.56
497,100034,2025-10-23,credit,4688.27,imps,shopping,Pune,1,121482.06
498,100093,2025-10-10,credit,13607.41,salary,food,Pune,0,367672.65
499,100073,2025-12-06,debit,405.16,neft,transfer,Hyderabad,0,442855.25
500,100026,2025-12-01,debit,4810.49,atm,transfer,Pune,0,187701.18
501,100094,2025-09-23,credit,4497.48,upi,travel,Delhi,1,271627.83
502,100087,2025-08-06,credit,3855.21,upi,bill_payment,Delhi,0,447523.33
503,100081,2025-10-01,credit,2262.08,neft,salary,Pune,1,242719.55
504,100021,2025-03-07,credit,4316.34,card,food,Hyderabad,0,430832.54
505,100034,2025-06-29,debit,26186.44,salary,food,Hyderabad,0,160985.27
506,100061,2025-12-29,debit,10521.37,salary,shopping,Bangalore,0,270766.58
507,100045,2026-05-08,debit,15667.16,neft,investment,Hyderabad,1,117430.28
508,100019,2025-06-18,credit,18977.95,card,investment,Pune,0,113658.09
509,100044,2025-04-09,credit,2664.53,imps,food,Mumbai,0,106083.37
510,100083,2025-02-22,debit,32392.87,card,shopping,Mumbai,0,199623.98
511,100037,2025-11-12,debit,209.89,upi,rent,Chennai,1,273496.71
512,100030,2026-01-23,credit,434.58,atm,investment,Bangalore,0,129411.84
513,100021,2025-01-25,debit,1849.2,neft,food,Chennai,0,479470.72
514,100048,2025-10-01,credit,7643.28,cash,salary,Bangalore,0,209245.7
515,100062,2025-04-04,debit,3376.28,cash,food,Mumbai,1,317216.08
516,100003,2025-05-14,credit,4614.12,card,rent,Chennai,1,180802.96
517,100059,2025-08-06,credit,1434.24,atm,investment,Bangalore,0,111583.8
518,100017,2026-02-16,credit,979.57,atm,salary,Delhi,0,350428.18
519,100057,2025-10-29,debit,1061.3,upi,bill_payment,Bangalore,0,210739.84
520,100077,2026-03-11,credit,611.61,cash,food,Pune,1,175315.82
521,100061,2026-02-14,credit,3278.79,upi,bill_payment,Hyderabad,0,45294.72
522,100020,2026-04-14,debit,4509.65,cash,food,Bangalore,0,468276.26
523,100093,2025-08-21,debit,1848.37,card,investment,Mumbai,0,357960.64
524,100055,2026-04-09,credit,184.66,salary,shopping,Bangalore,0,464337.91
525,100100,2025-06-22,debit,3943.23,neft,salary,Hyderabad,0,252893.4
526,100094,2025-12-30,debit,4952.64,neft,salary,Bangalore,0,88580.1
527,100069,2025-03-17,credit,27980.85,card,food,Mumbai,0,445357.97
528,100060,2025-04-16,credit,2968.53,salary,transfer,Chennai,0,403469.41
529,100030,2025-12-30,credit,26469.02,atm,travel,Mumbai,1,206148.89
530,100003,2026-06-01,credit,1908.65,card,bill_payment,Bangalore,0,436933.74
531,100093,2025-12-07,debit,1171.73,upi,transfer,Chennai,0,375160.91
532,100089,2025-09-11,credit,3466.43,upi,food,Hyderabad,0,464122.35
533,100075,2025-07-05,credit,1933.01,neft,investment,Pune,0,72847.8
534,100004,2026-04-03,credit,3536.83,cash,food,Chennai,1,418859.62
535,100096,2026-05-30,credit,2517.83,imps,rent,Mumbai,1,438583.28
536,100039,2025-08-15,debit,6950.46,salary,investment,Pune,0,178396.21
537,100092,2026-03-26,debit,151.6,atm,rent,Pune,0,176556.78
538,100073,2026-01-31,credit,2117.47,upi,salary,Chennai,0,166422.25
539,100090,2025-03-02,credit,1353.83,salary,rent,Delhi,0,394375.45
540,100036,2025-07-04,debit,1371.59,imps,transfer,Pune,1,321529.13
541,100060,2025-04-07,credit,38533.4,salary,salary,Bangalore,0,96468.76
542,100074,2025-11-10,debit,40150.27,upi,bill_payment,Bangalore,0,61253.18
543,100075,2026-03-09,credit,522.05,salary,bill_payment,Mumbai,0,285338.45
544,100006,2025-02-21,debit,1446.2,upi,salary,Delhi,0,131047.41
545,100022,2025-12-02,credit,44355.61,imps,bill_payment,Delhi,0,469261.44
546,100007,2025-09-07,debit,3549.67,imps,travel,Chennai,0,18400.53
547,100096,2025-07-11,credit,35051.25,upi,travel,Delhi,0,110183.45
548,100083,2025-11-30,debit,1943.37,card,salary,Pune,0,91013.59
549,100089,2025-05-04,credit,46422.15,cash,rent,Chennai,0,415962.12
550,100096,2025-06-06,debit,3557.21,atm,rent,Mumbai,0,148456.34
551,100015,2025-03-01,credit,11317.32,salary,shopping,Hyderabad,0,41238.81
552,100090,2025-10-30,debit,3021.54,salary,transfer,Chennai,0,181820.92
553,100085,2025-07-29,credit,17024.79,card,salary,Mumbai,0,496221.32
554,100086,2025-02-20,credit,3468.92,upi,bill_payment,Mumbai,1,405086.68
555,100086,2026-03-13,credit,3332.23,card,bill_payment,Hyderabad,1,287525.13
556,100012,2025-07-10,credit,4446.65,card,bill_payment,Mumbai,0,322641.45
557,100066,2025-08-06,credit,4769.23,salary,rent,Pune,0,88002.76
558,100083,2025-02-04,debit,2226.09,upi,shopping,Bangalore,0,230076.96
559,100046,2026-01-07,credit,2305.66,imps,travel,Delhi,0,482152.91
560,100046,2025-03-01,credit,11992.31,card,salary,Delhi,0,50523.03
561,100031,2025-05-04,debit,37463.63,imps,food,Delhi,0,367143.18
562,100046,2025-07-16,debit,2042.22,atm,investment,Mumbai,0,102292.87
563,100049,2025-12-30,credit,638.43,imps,travel,Hyderabad,1,209132.91
564,100011,2026-03-25,credit,4978.61,salary,salary,Bangalore,0,403445.95
565,100052,2026-04-25,credit,43847.8,card,shopping,Delhi,0,341556.51
566,100025,2025-04-12,credit,180.65,neft,travel,Bangalore,0,34818.16
567,100051,2025-05-12,credit,3206.6,cash,shopping,Hyderabad,0,295601.84
568,100059,2025-11-06,credit,2680.66,salary,travel,Mumbai,1,181788.04
569,100053,2026-05-25,debit,2863.92,upi,transfer,Bangalore,0,76551.54
570,100097,2025-06-28,credit,1976.45,neft,investment,Chennai,0,446344.54
571,100042,2025-04-14,credit,2858.61,atm,transfer,Bangalore,0,421987.06
572,100012,2025-10-28,credit,554.01,salary,shopping,Hyderabad,1,79462.93
573,100051,2025-01-29,debit,1385.93,cash,investment,Delhi,0,484728.18
574,100024,2025-01-01,credit,100300.34,card,bill_payment,Pune,1,228435.41
575,100068,2025-08-15,debit,30052.17,card,rent,Delhi,0,168343.87
576,100067,2025-02-25,credit,7333.77,card,transfer,Chennai,1,354851.3
577,100025,2025-04-07,credit,14188.16,card,food,Mumbai,1,214347.55
578,100031,2025-06-30,credit,745.01,imps,investment,Pune,0,77292.06
579,100040,2025-11-29,debit,3175.64,card,bill_payment,Mumbai,1,374056.99
580,100050,2026-03-05,credit,4079.81,atm,investment,Pune,0,130940.23
581,100094,2026-04-24,debit,186.52,salary,transfer,Bangalore,0,84057.74
582,100038,2025-08-27,credit,12391.09,card,shopping,Delhi,0,30161.9
583,100080,2026-02-16,debit,1275.36,upi,food,Pune,0,388258.05
584,100065,2025-05-31,credit,49292.78,neft,shopping,Pune,0,104059.43
585,100039,2025-09-23,debit,2342.31,neft,food,Pune,0,379027.66
586,100049,2025-05-13,credit,753.38,atm,shopping,Delhi,0,25192.97
587,100023,2025-06-20,debit,4289.45,card,transfer,Hyderabad,0,474936.06
588,100053,2025-06-21,credit,49489.38,atm,bill_payment,Bangalore,0,259512.91
589,100028,2026-05-01,debit,27360.06,card,rent,Bangalore,0,394186.11
590,100002,2025-10-03,credit,1754.51,upi,investment,Hyderabad,0,119924.43
591,100098,2026-03-22,credit,12916.53,neft,shopping,Mumbai,0,363255.43
592,100079,2026-01-10,debit,2516.45,cash,food,Hyderabad,0,284759.87
593,100048,2026-02-23,debit,36271.04,salary,travel,Mumbai,0,72916.44
594,100088,2025-12-09,credit,3445.56,neft,shopping,Pune,0,355260.13
595,100072,2025-11-14,credit,1946.26,neft,food,Bangalore,0,228739.62
596,100032,2026-04-30,credit,1726.41,salary,investment,Delhi,0,5676.95
597,100092,2025-09-04,debit,2507.03,salary,salary,Hyderabad,0,479847.81
598,100075,2025-02-14,debit,1549.05,cash,investment,Mumbai,0,30780.17
599,100017,2025-06-25,credit,1436.56,upi,rent,Mumbai,0,321475.17
600,100003,2026-04-30,debit,9672.26,atm,transfer,Delhi,0,249536.33
601,100096,2026-03-01,debit,1527.23,card,food,Mumbai,1,142981.9
602,100054,2025-06-02,credit,48737.73,card,investment,Chennai,0,464909.72
603,100072,2025-07-09,debit,3259.36,salary,travel,Hyderabad,0,434860.04
604,100072,2025-03-24,debit,1145.47,neft,shopping,Hyderabad,0,64771.34
605,100097,2026-01-26,credit,2445.54,card,food,Chennai,1,223384.14
606,100076,2026-05-27,debit,1031.89,neft,travel,Mumbai,0,223959.14
607,100002,2026-01-09,credit,1700.66,neft,travel,Hyderabad,0,351058.84
608,100085,2025-11-22,credit,787.23,imps,transfer,Delhi,1,217711.59
609,100045,2025-04-19,credit,1583.17,card,bill_payment,Hyderabad,0,432154.39
610,100001,2025-05-15,debit,35780.01,upi,food,Hyderabad,1,87225.13
611,100033,2026-05-22,debit,4370.69,atm,investment,Bangalore,0,173013.64
612,100014,2025-01-16,credit,7548.78,imps,bill_payment,Mumbai,1,472204.22
613,100037,2026-01-09,debit,2174.97,cash,rent,Pune,0,278483.16
614,100058,2026-01-04,debit,3259.06,salary,salary,Mumbai,0,143333.63
615,100067,2025-02-07,debit,701.05,upi,investment,Chennai,1,142499.11
616,100046,2025-11-24,debit,4872.09,imps,rent,Mumbai,0,226260.16
617,100005,2025-12-26,debit,45322.29,card,rent,Mumbai,0,326565.08
618,100040,2026-01-05,credit,19338.7,imps,food,Mumbai,0,69742.41
619,100080,2025-06-28,debit,31837.92,atm,food,Bangalore,0,104246.19
620,100072,2025-05-10,credit,2482.86,neft,travel,Hyderabad,0,365061.1
621,100020,2025-01-23,debit,20770.64,cash,food,Hyderabad,0,162760.62
622,100033,2025-09-02,credit,4687.73,neft,rent,Mumbai,0,391664.09
623,100068,2026-03-09,credit,1460.88,upi,rent,Bangalore,0,463436.18
624,100033,2026-03-17,debit,3641.25,neft,travel,Delhi,1,41296.7
625,100070,2025-04-30,debit,3817.05,atm,travel,Hyderabad,0,445682.08
626,100002,2025-12-06,credit,626.97,cash,rent,Chennai,0,204031.51
627,100007,2025-12-19,debit,4084.15,salary,food,Mumbai,0,326140.34
628,100005,2026-02-11,credit,2938.72,atm,bill_payment,Delhi,1,199201.89
629,100032,2025-08-09,credit,147.39,upi,investment,Hyderabad,0,301575.4
630,100026,2025-02-08,debit,4861.2,upi,investment,Delhi,0,35311.52
631,100081,2025-01-10,credit,467.98,atm,bill_payment,Delhi,0,135749.91
632,100002,2025-06-30,credit,5995.42,cash,rent,Chennai,0,300316.66
633,100004,2025-02-28,debit,18222.12,cash,transfer,Pune,0,59757.41
634,100024,2025-03-10,credit,13869.94,cash,salary,Hyderabad,1,315925.86
635,100032,2026-03-23,credit,5658.96,card,salary,Pune,0,36073.22
636,100022,2025-11-21,debit,39287.52,card,food,Delhi,0,305577.48
637,100057,2025-03-28,debit,4896.08,upi,rent,Bangalore,1,401563.27
638,100024,2026-01-17,debit,355.07,imps,salary,Pune,0,147757.23
639,100049,2026-04-25,credit,3073.84,imps,bill_payment,Mumbai,0,113083.59
640,100041,2025-07-04,credit,199.6,salary,food,Bangalore,0,300168.11
641,100015,2025-02-22,credit,84433.7,upi,investment,Mumbai,0,413428.35
642,100060,2025-05-20,credit,10075.84,cash,bill_payment,Chennai,0,368012.97
643,100049,2026-05-05,debit,24509.51,cash,bill_payment,Bangalore,0,237793.09
644,100055,2025-10-30,debit,4729.93,upi,travel,Pune,0,457126.31
645,100015,2025-01-13,credit,108173.01,card,bill_payment,Delhi,0,249030.67
646,100056,2025-04-22,credit,4507.7,cash,salary,Pune,0,260834.49
647,100023,2025-02-16,credit,1221.79,neft,food,Chennai,0,184470.7
648,100008,2026-05-16,debit,4683.53,neft,shopping,Pune,1,144643.16
649,100076,2025-06-16,debit,28471.66,atm,shopping,Mumbai,1,226319.75
650,100079,2025-08-22,debit,199.33,atm,bill_payment,Chennai,0,6379.43
651,100098,2026-04-12,debit,438.8,imps,salary,Hyderabad,0,105150.36
652,100084,2025-05-28,credit,1044.2,upi,food,Hyderabad,0,360049.83
653,100046,2025-09-15,debit,839.58,atm,rent,Pune,0,393799.99
654,100057,2025-11-11,credit,861.49,upi,bill_payment,Hyderabad,0,489944.33
655,100030,2025-11-07,debit,3935.66,atm,rent,Mumbai,0,137453.59
656,100071,2026-04-23,debit,4408.88,upi,transfer,Hyderabad,1,84268.84
657,100047,2025-01-22,credit,2822.14,imps,shopping,Hyderabad,0,352570.88
658,100033,2025-07-04,debit,312.03,card,food,Delhi,0,333713.4
659,100073,2025-09-11,credit,9977.54,upi,investment,Chennai,0,437901.93
660,100091,2025-09-01,debit,3011.7,card,investment,Hyderabad,0,156098.83
661,100058,2026-04-14,debit,4083.46,neft,travel,Chennai,1,285406.3
662,100056,2025-06-01,debit,2136.62,cash,bill_payment,Pune,0,193207.54
663,100098,2026-03-22,debit,535.85,neft,travel,Pune,1,176403.71
664,100035,2025-08-18,credit,4438.07,salary,food,Pune,0,29786.54
665,100038,2026-02-06,debit,5313.7,card,transfer,Pune,0,47379.55
666,100027,2026-03-23,debit,3744.53,imps,bill_payment,Hyderabad,0,330189.23
667,100060,2025-09-18,credit,351.56,imps,transfer,Bangalore,0,419726.53
668,100097,2026-01-29,debit,2453.33,upi,salary,Hyderabad,0,256744.49
669,100012,2025-03-14,debit,1048.5,neft,investment,Bangalore,1,429471.04
670,100024,2026-04-19,debit,1760.19,neft,travel,Bangalore,0,434923.01
671,100022,2025-01-22,credit,2329.71,cash,transfer,Pune,0,84067.38
672,100097,2025-09-19,credit,3807.08,card,food,Bangalore,1,336949.24
673,100012,2025-04-28,credit,3706.4,card,transfer,Bangalore,1,286441.11
674,100070,2025-10-10,debit,1985.74,neft,investment,Bangalore,1,335013.18
675,100069,2025-06-23,credit,1341.94,card,investment,Pune,0,231685.11
676,100022,2025-11-20,credit,1839.67,card,food,Pune,1,334968.71
677,100037,2025-06-11,credit,20219.06,salary,rent,Chennai,0,491910.05
678,100010,2025-09-11,credit,4696.75,atm,salary,Hyderabad,1,32966.13
679,100076,2025-02-20,credit,2227.47,neft,rent,Hyderabad,1,470024.2
680,100054,2025-01-16,debit,4298.77,atm,travel,Delhi,0,82302.71
681,100094,2026-01-05,debit,1633.78,card,food,Hyderabad,0,151587.5
682,100026,2025-11-09,credit,2306.48,imps,rent,Delhi,1,26072.85
683,100013,2025-02-10,debit,2726.75,card,bill_payment,Mumbai,0,205704.97
684,100088,2025-05-06,credit,3285.16,imps,transfer,Delhi,0,453530.33
685,100028,2025-05-25,debit,496.63,neft,shopping,Chennai,0,373853.38
686,100087,2025-03-22,credit,3306.67,atm,transfer,Delhi,1,443383.0
687,100055,2026-04-03,debit,784.86,card,rent,Pune,0,152748.76
688,100081,2025-01-03,credit,1760.48,salary,food,Delhi,0,435814.08
689,100071,2025-02-05,debit,10254.89,imps,investment,Mumbai,0,377367.0
690,100035,2025-04-03,credit,1193.14,salary,investment,Chennai,0,177806.14
691,100081,2025-10-04,credit,1120.32,neft,rent,Hyderabad,0,179920.79
692,100042,2025-09-27,debit,44173.24,imps,investment,Mumbai,1,273041.81
693,100087,2025-01-06,debit,382.61,imps,transfer,Bangalore,0,269528.77
694,100031,2026-03-02,credit,36283.65,neft,investment,Delhi,0,167905.84
695,100065,2026-04-08,credit,4272.55,neft,travel,Mumbai,1,102436.65
696,100071,2025-02-15,debit,44136.42,salary,transfer,Delhi,0,213314.42
697,100052,2025-05-10,debit,4386.19,salary,food,Pune,0,470995.43
698,100016,2025-04-21,credit,3432.89,atm,travel,Hyderabad,0,234807.8
699,100021,2025-03-27,debit,4511.53,card,investment,Pune,0,135399.67
700,100029,2025-10-09,credit,914.12,cash,travel,Mumbai,0,335778.08
701,100046,2025-02-04,credit,47746.07,upi,transfer,Mumbai,0,157182.45
702,100021,2025-04-28,credit,3184.32,imps,transfer,Delhi,0,441174.82
703,100061,2026-05-14,debit,1444.2,cash,travel,Hyderabad,0,229595.55
704,100017,2025-09-22,credit,46560.2,cash,bill_payment,Bangalore,0,40230.01
705,100027,2025-10-12,credit,97769.08,salary,food,Chennai,0,255408.6
706,100006,2025-09-26,credit,2718.14,neft,rent,Chennai,0,24811.02
707,100045,2026-03-16,debit,2684.08,atm,transfer,Mumbai,0,223830.78
708,100011,2025-07-23,debit,1651.87,card,rent,Bangalore,0,379222.09
709,100067,2026-04-28,credit,1764.71,neft,transfer,Pune,0,57155.09
710,100045,2026-01-01,debit,3047.74,salary,transfer,Chennai,1,432396.0
711,100054,2025-07-22,credit,946.79,cash,investment,Hyderabad,0,136060.67
712,100006,2025-08-19,debit,3331.41,cash,rent,Mumbai,0,278791.7
713,100040,2025-08-07,debit,2864.56,atm,investment,Chennai,0,257291.82
714,100027,2025-01-15,credit,1407.48,salary,rent,Delhi,0,60607.5
715,100031,2025-01-05,debit,4297.93,upi,shopping,Delhi,1,198958.19
716,100076,2026-05-04,debit,2373.36,cash,investment,Mumbai,0,94362.2
717,100092,2025-07-20,debit,3245.81,upi,transfer,Chennai,1,199006.91
718,100030,2025-10-22,debit,4235.29,cash,transfer,Chennai,0,197404.53
719,100052,2025-08-14,credit,30801.64,salary,bill_payment,Pune,1,123785.25
720,100025,2025-07-04,debit,144760.54,upi,travel,Chennai,0,318803.07
721,100075,2026-02-05,debit,4076.98,cash,bill_payment,Delhi,1,377348.28
722,100084,2025-12-26,debit,65538.34,salary,transfer,Pune,0,49201.01
723,100011,2025-07-12,debit,47136.98,upi,investment,Delhi,0,187325.15
724,100017,2026-04-09,debit,1157.83,upi,travel,Bangalore,0,292184.32
725,100078,2025-03-14,debit,4284.64,imps,food,Pune,0,244019.35
726,100024,2025-10-09,credit,1754.28,upi,transfer,Hyderabad,1,431007.28
727,100044,2025-10-07,debit,2437.56,atm,investment,Delhi,0,328195.35
728,100081,2025-12-15,credit,4284.04,imps,transfer,Bangalore,1,89895.5
729,100078,2025-02-25,debit,20745.59,atm,travel,Delhi,0,347553.58
730,100016,2026-02-17,credit,3131.93,cash,travel,Delhi,0,340541.86
731,100070,2026-04-09,debit,3753.3,imps,shopping,Chennai,0,257006.88
732,100043,2025-11-15,debit,48082.44,cash,transfer,Pune,0,461002.79
733,100093,2025-09-20,debit,1767.76,cash,shopping,Pune,0,103365.72
734,100034,2025-08-07,credit,1864.11,salary,transfer,Chennai,0,124122.3
735,100025,2025-10-22,debit,1977.1,imps,salary,Pune,0,486935.41
736,100064,2025-08-26,credit,2688.46,salary,travel,Hyderabad,1,39344.01
737,100086,2026-02-17,debit,1058.78,atm,investment,Chennai,0,150066.73
738,100017,2025-10-19,debit,1184.47,imps,shopping,Bangalore,0,237167.94
739,100088,2025-05-18,debit,46298.96,salary,bill_payment,Bangalore,0,240610.64
740,100007,2025-05-25,credit,42394.9,card,salary,Delhi,0,19555.99
741,100029,2025-03-24,debit,1008.52,neft,travel,Mumbai,0,319402.83
742,100090,2025-08-12,credit,4665.66,card,salary,Bangalore,0,187194.34
743,100026,2025-12-03,debit,1806.23,atm,bill_payment,Mumbai,0,207127.84
744,100098,2025-11-12,debit,564.87,card,shopping,Hyderabad,0,374926.69
745,100010,2025-04-03,debit,245.04,atm,shopping,Bangalore,1,472686.17
746,100015,2025-05-27,credit,2498.29,imps,food,Delhi,0,52544.13
747,100016,2025-11-08,credit,47693.05,neft,salary,Mumbai,0,75994.78
748,100010,2025-06-16,debit,1279.44,neft,investment,Delhi,0,122699.43
749,100068,2025-12-21,credit,1970.81,cash,rent,Pune,0,161509.03
750,100043,2025-10-02,debit,606.19,cash,investment,Bangalore,0,126914.08
751,100050,2026-03-17,debit,3068.86,atm,travel,Mumbai,0,326991.72
752,100087,2025-01-09,debit,4448.08,atm,food,Delhi,0,397139.73
753,100038,2025-09-06,debit,19458.11,card,transfer,Bangalore,1,115478.67
754,100078,2025-01-01,debit,3222.12,salary,investment,Bangalore,1,391688.95
755,100011,2026-03-27,credit,63436.72,salary,bill_payment,Bangalore,0,328604.8
756,100082,2025-12-28,debit,2669.38,card,bill_payment,Delhi,1,352288.01
757,100013,2025-10-07,debit,1587.96,cash,salary,Bangalore,0,257087.51
758,100034,2025-12-15,credit,60433.76,upi,transfer,Pune,0,464957.12
759,100090,2025-10-24,debit,1442.87,cash,rent,Hyderabad,0,487333.43
760,100018,2025-12-02,debit,41465.42,atm,investment,Chennai,0,154394.27
761,100046,2025-02-28,debit,1195.18,neft,food,Delhi,0,374479.63
762,100046,2026-02-21,credit,2394.49,imps,transfer,Hyderabad,0,376329.92
763,100095,2026-03-26,credit,1989.07,card,food,Hyderabad,0,448919.52
764,100019,2025-04-16,credit,7962.49,atm,transfer,Delhi,1,179516.8
765,100063,2026-02-04,credit,11115.52,atm,food,Chennai,0,125779.31
766,100043,2025-06-01,credit,4282.59,card,salary,Hyderabad,0,421973.72
767,100044,2025-11-01,debit,1128.48,salary,transfer,Bangalore,0,420087.73
768,100021,2025-07-07,debit,1273.39,neft,salary,Delhi,1,39686.04
769,100080,2025-04-14,debit,40797.08,imps,rent,Chennai,0,280439.61
770,100076,2025-03-26,debit,24478.88,atm,transfer,Mumbai,0,103880.38
771,100060,2026-03-11,credit,42102.69,card,transfer,Pune,0,364466.44
772,100006,2025-12-12,debit,43979.51,upi,investment,Mumbai,0,481007.02
773,100072,2025-03-17,credit,2798.52,neft,transfer,Bangalore,1,16204.05
774,100050,2025-08-28,credit,4755.93,neft,shopping,Bangalore,0,240754.01
775,100032,2026-01-25,debit,660.84,neft,travel,Delhi,0,154126.35
776,100050,2025-11-05,debit,422.28,imps,bill_payment,Delhi,1,227322.1
777,100056,2025-11-11,credit,2284.01,card,transfer,Delhi,0,465391.97
778,100056,2026-03-10,credit,26093.71,atm,transfer,Mumbai,1,456193.7
779,100021,2025-11-14,credit,26407.93,cash,travel,Chennai,0,125607.81
780,100003,2025-07-26,credit,4528.96,neft,bill_payment,Bangalore,1,280662.75
781,100009,2026-03-04,credit,2102.19,card,travel,Pune,0,481301.21
782,100085,2025-04-23,debit,3492.29,card,salary,Mumbai,1,90041.17
783,100094,2026-05-05,debit,1853.13,imps,transfer,Bangalore,0,106361.36
784,100050,2025-11-22,credit,4522.14,atm,transfer,Delhi,0,308835.05
785,100006,2025-05-09,debit,1813.98,salary,salary,Chennai,1,57719.52
786,100094,2025-03-28,credit,20473.38,atm,investment,Pune,0,372458.73
787,100064,2025-05-13,debit,4696.34,card,transfer,Chennai,0,234141.01
788,100096,2025-05-26,credit,492.21,cash,salary,Hyderabad,0,141434.66
789,100028,2025-08-24,credit,49552.29,atm,travel,Chennai,0,315214.64
790,100084,2025-04-12,debit,1587.94,neft,travel,Chennai,0,438990.02
791,100016,2025-03-14,debit,39700.78,neft,rent,Bangalore,1,219874.92
792,100038,2026-01-26,credit,4750.23,atm,bill_payment,Chennai,0,61328.71
793,100076,2025-08-22,debit,11713.24,atm,transfer,Mumbai,0,96626.14
794,100054,2025-08-12,debit,2197.03,salary,shopping,Chennai,0,407318.42
795,100057,2026-04-05,credit,26201.2,salary,rent,Chennai,0,211660.85
796,100039,2025-03-04,debit,3720.73,imps,rent,Hyderabad,1,495676.63
797,100028,2026-04-08,debit,21426.26,neft,investment,Mumbai,0,487524.04
798,100025,2025-01-14,debit,3969.18,card,salary,Delhi,0,301169.98
799,100033,2026-05-24,credit,4071.83,atm,rent,Bangalore,0,116420.38
800,100021,2025-07-18,credit,29961.94,atm,shopping,Hyderabad,0,46540.02
801,100021,2025-09-29,credit,41566.95,atm,food,Bangalore,0,404525.93
802,100056,2025-09-10,credit,176.59,card,salary,Mumbai,1,12030.46
803,100088,2025-12-01,credit,11045.65,card,salary,Mumbai,0,418206.63
804,100085,2026-04-10,debit,355.65,imps,investment,Delhi,0,40206.92
805,100013,2026-03-30,debit,2701.08,cash,bill_payment,Chennai,0,400683.36
806,100045,2026-01-28,debit,1483.52,imps,transfer,Delhi,1,390695.58
807,100096,2025-07-23,credit,4999.13,upi,food,Bangalore,0,310336.68
808,100016,2025-07-23,credit,100975.95,card,travel,Bangalore,0,308829.22
809,100081,2025-12-12,credit,1454.36,atm,food,Delhi,0,369639.41
810,100021,2026-03-30,credit,624.17,cash,travel,Mumbai,0,110378.01
811,100047,2025-09-22,credit,702.29,atm,rent,Delhi,0,279551.01
812,100029,2025-11-03,debit,4968.1,card,rent,Pune,0,119388.94
813,100071,2025-03-07,debit,4756.73,cash,shopping,Hyderabad,1,356987.31
814,100048,2026-05-12,credit,152.83,card,investment,Pune,1,13474.69
815,100038,2025-04-24,credit,4300.09,upi,travel,Delhi,0,302118.53
816,100086,2025-01-27,credit,31047.3,salary,shopping,Mumbai,0,323263.5
817,100039,2025-09-17,debit,297.32,imps,transfer,Hyderabad,0,162833.68
818,100008,2025-01-24,credit,26364.72,imps,food,Pune,1,492979.81
819,100011,2026-03-13,credit,29816.43,card,salary,Mumbai,0,69801.19
820,100035,2025-11-21,credit,30912.6,salary,bill_payment,Bangalore,1,135038.72
821,100091,2026-01-24,debit,1725.45,upi,investment,Chennai,0,34307.16
822,100015,2025-09-12,credit,4162.16,cash,bill_payment,Pune,0,389930.57
823,100079,2025-05-31,credit,4787.45,neft,food,Chennai,1,306077.69
824,100077,2025-06-11,debit,1712.91,cash,investment,Bangalore,0,388319.84
825,100080,2025-06-22,credit,3380.89,upi,bill_payment,Bangalore,0,389346.9
826,100083,2025-10-28,credit,90194.91,imps,shopping,Mumbai,0,121899.85
827,100059,2025-02-01,credit,4592.97,upi,salary,Delhi,0,496702.57
828,100034,2026-05-06,debit,365.09,salary,travel,Chennai,0,9502.98
829,100035,2026-05-09,debit,98700.07,upi,shopping,Bangalore,1,451725.25
830,100009,2025-08-20,credit,38434.44,upi,transfer,Pune,0,474389.77
831,100088,2025-09-03,debit,1167.79,upi,salary,Hyderabad,0,304389.04
832,100032,2026-04-23,debit,2746.79,imps,transfer,Mumbai,0,473038.28
833,100043,2025-07-26,credit,15673.67,salary,shopping,Mumbai,0,259267.38
834,100039,2026-02-13,debit,1753.6,imps,investment,Hyderabad,1,398292.11
835,100044,2026-05-11,debit,4892.05,salary,salary,Pune,1,498800.51
836,100065,2026-04-10,debit,36732.52,imps,salary,Mumbai,0,16841.56
837,100039,2025-12-24,debit,2987.37,salary,rent,Pune,0,176514.12
838,100094,2026-05-18,credit,1939.47,imps,food,Hyderabad,0,285872.27
839,100096,2026-03-20,credit,33258.06,neft,salary,Delhi,0,374033.32
840,100045,2026-02-20,credit,27653.21,neft,rent,Chennai,1,323099.45
841,100088,2026-03-14,credit,2804.85,cash,investment,Mumbai,0,484740.83
842,100065,2025-09-25,debit,1675.76,upi,bill_payment,Delhi,1,181585.85
843,100062,2025-05-15,debit,3897.84,neft,travel,Delhi,0,394153.77
844,100002,2025-08-22,credit,3337.93,upi,investment,Hyderabad,0,55536.7
845,100074,2025-07-24,credit,529.17,cash,travel,Bangalore,0,238549.28
846,100043,2025-02-25,debit,3698.41,neft,bill_payment,Bangalore,0,116628.19
847,100035,2025-09-11,debit,4970.87,upi,food,Pune,0,122811.81
848,100029,2025-04-13,debit,15245.42,atm,transfer,Hyderabad,0,157744.23
849,100050,2025-05-29,debit,72111.21,card,bill_payment,Pune,0,239240.39
850,100070,2025-07-26,debit,16978.31,card,shopping,Bangalore,0,288592.02
851,100037,2026-02-02,debit,20952.29,neft,investment,Chennai,0,44997.81
852,100097,2025-08-09,credit,1867.95,cash,rent,Pune,0,365907.67
853,100074,2025-03-30,debit,3779.94,atm,shopping,Chennai,0,315078.52
854,100100,2025-05-15,debit,2515.2,neft,transfer,Bangalore,0,236293.9
855,100022,2025-01-27,debit,27042.91,upi,food,Bangalore,0,8256.4
856,100011,2026-03-09,debit,3002.53,salary,salary,Mumbai,1,400131.38
857,100001,2025-12-24,credit,2460.17,neft,transfer,Hyderabad,1,120673.68
858,100068,2026-04-10,debit,656.73,upi,shopping,Bangalore,0,290521.77
859,100012,2025-02-20,debit,115655.01,upi,food,Chennai,0,182762.59
860,100043,2025-11-17,credit,1957.82,upi,food,Chennai,0,15109.75
861,100020,2025-10-12,debit,4345.68,upi,transfer,Chennai,0,481644.12
862,100011,2025-01-25,debit,21123.93,imps,salary,Delhi,0,433426.16
863,100039,2025-01-27,credit,1092.23,cash,investment,Chennai,0,395078.32
864,100015,2025-03-23,debit,18191.2,cash,salary,Bangalore,0,482687.57
865,100039,2026-04-28,debit,3698.4,cash,rent,Delhi,0,496885.44
866,100003,2026-01-08,debit,84555.9,atm,investment,Hyderabad,1,412846.43
867,100023,2025-12-10,debit,737.02,salary,transfer,Bangalore,0,27146.93
868,100029,2025-02-16,debit,116773.69,cash,travel,Hyderabad,0,30827.91
869,100088,2025-03-24,debit,36207.95,salary,transfer,Hyderabad,0,259068.38
870,100026,2025-02-25,credit,1274.35,card,rent,Bangalore,0,95720.6
871,100021,2025-02-22,debit,4661.62,neft,bill_payment,Mumbai,0,253901.21
872,100089,2025-08-03,debit,3871.03,imps,bill_payment,Hyderabad,1,324126.04
873,100046,2025-08-16,debit,3018.6,card,travel,Delhi,0,19571.39
874,100036,2025-06-12,credit,498.73,upi,bill_payment,Chennai,0,488042.37
875,100081,2025-03-07,credit,47408.14,atm,rent,Chennai,0,378964.35
876,100022,2026-03-02,debit,1868.62,upi,rent,Pune,0,430854.66
877,100025,2025-09-06,debit,76423.14,card,travel,Chennai,0,164924.66
878,100056,2025-06-27,credit,2450.62,salary,transfer,Hyderabad,0,45829.19
879,100010,2025-03-12,credit,3964.67,salary,investment,Hyderabad,0,460734.23
880,100001,2025-05-02,credit,18359.12,cash,transfer,Hyderabad,0,407593.89
881,100015,2026-02-12,debit,4979.63,atm,salary,Mumbai,0,331939.61
882,100075,2025-06-12,debit,825.07,salary,transfer,Hyderabad,0,62239.56
883,100056,2026-02-01,debit,3357.87,upi,shopping,Pune,0,327930.86
884,100013,2025-05-13,credit,29250.73,card,travel,Mumbai,0,84224.99
885,100022,2025-01-17,credit,1553.55,imps,bill_payment,Mumbai,0,494208.89
886,100091,2025-03-19,debit,39690.28,atm,transfer,Delhi,1,193685.32
887,100045,2025-05-09,debit,35519.22,upi,transfer,Mumbai,0,344023.91
888,100035,2025-09-11,credit,1090.05,atm,rent,Chennai,1,208489.95
889,100014,2025-10-08,debit,11549.51,imps,transfer,Chennai,0,8269.79
890,100032,2025-07-25,credit,2642.41,neft,shopping,Delhi,0,463499.45
891,100010,2025-08-24,credit,2512.95,imps,bill_payment,Hyderabad,0,495666.01
892,100048,2025-07-23,credit,37008.95,upi,investment,Hyderabad,0,335445.22
893,100003,2026-04-18,debit,141562.51,neft,rent,Hyderabad,0,317356.93
894,100081,2025-07-03,debit,24108.76,salary,transfer,Delhi,0,392584.81
895,100087,2026-01-13,debit,2068.3,atm,salary,Bangalore,0,229059.29
896,100063,2025-07-07,credit,3615.63,atm,food,Bangalore,0,285515.88
897,100019,2026-05-16,debit,851.68,upi,shopping,Hyderabad,0,425567.39
898,100022,2025-11-25,credit,923.6,cash,rent,Mumbai,0,250718.31
899,100028,2025-06-07,debit,439.19,salary,shopping,Mumbai,0,298727.69
900,100038,2025-01-12,debit,1606.62,card,rent,Delhi,0,271909.69
901,100099,2025-09-10,credit,2140.92,imps,rent,Mumbai,0,32118.24
902,100022,2025-12-26,credit,1629.63,card,travel,Bangalore,1,130713.9
903,100041,2025-02-13,credit,4384.03,neft,travel,Chennai,0,332074.35
904,100039,2025-01-04,credit,3645.92,salary,food,Hyderabad,0,134769.06
905,100083,2026-01-03,credit,3765.43,imps,investment,Mumbai,1,293750.11
906,100043,2026-02-02,debit,2755.88,cash,investment,Mumbai,0,121418.98
907,100001,2025-06-27,debit,4323.54,card,food,Mumbai,0,277956.97
908,100090,2025-02-06,credit,2918.71,salary,salary,Bangalore,0,182326.36
909,100034,2025-12-15,debit,2461.91,upi,rent,Bangalore,1,181006.0
910,100098,2026-04-19,debit,3617.06,salary,shopping,Delhi,0,261541.05
911,100033,2026-02-04,credit,372.35,cash,travel,Pune,0,456748.27
912,100013,2025-02-27,debit,2754.0,neft,rent,Pune,0,62879.96
913,100092,2026-03-05,credit,3164.77,card,investment,Bangalore,1,151623.81
914,100073,2026-02-12,debit,4197.55,imps,rent,Delhi,0,458699.54
915,100075,2026-04-24,debit,3755.35,imps,transfer,Chennai,0,318659.5
916,100031,2025-04-30,debit,544.84,neft,food,Bangalore,0,407645.69
917,100033,2025-03-19,debit,1717.33,cash,rent,Chennai,1,375845.15
918,100090,2026-05-30,credit,444.08,card,investment,Hyderabad,1,367517.5
919,100046,2025-08-06,debit,912.42,upi,shopping,Chennai,0,107503.12
920,100086,2026-04-30,credit,943.9,upi,shopping,Bangalore,0,287791.18
921,100091,2026-01-28,credit,2142.02,atm,transfer,Hyderabad,0,128865.18
922,100033,2026-03-06,debit,3925.08,card,travel,Hyderabad,0,440407.64
923,100006,2026-01-01,credit,3371.63,cash,food,Pune,0,32513.58
924,100096,2026-01-30,debit,4948.12,imps,food,Pune,0,397434.49
925,100092,2025-09-19,debit,9249.1,card,salary,Delhi,0,85089.56
926,100089,2026-05-09,credit,3898.91,upi,travel,Delhi,1,84520.67
927,100084,2025-06-23,credit,2154.23,cash,bill_payment,Bangalore,0,329631.21
928,100052,2025-09-11,credit,40599.12,neft,shopping,Chennai,0,450696.5
929,100080,2025-07-30,credit,8900.58,card,salary,Bangalore,0,37204.41
930,100046,2025-05-16,credit,141149.13,atm,travel,Mumbai,1,30657.97
931,100082,2025-10-07,debit,1624.31,salary,investment,Hyderabad,1,367467.79
932,100004,2025-09-03,debit,3523.83,imps,rent,Mumbai,0,82868.82
933,100011,2026-01-07,debit,2947.98,neft,travel,Mumbai,1,149084.81
934,100025,2025-06-16,debit,4831.14,atm,rent,Delhi,0,428053.45
935,100073,2026-03-17,debit,4963.24,card,bill_payment,Pune,1,141166.83
936,100065,2025-06-06,credit,623.54,imps,investment,Chennai,1,38559.42
937,100060,2026-01-22,debit,49735.1,imps,shopping,Hyderabad,0,214204.15
938,100057,2025-01-15,debit,630.72,imps,shopping,Chennai,0,192582.9
939,100020,2025-04-06,credit,2311.02,card,bill_payment,Pune,0,431203.68
940,100078,2025-03-02,credit,20155.66,neft,food,Pune,0,219430.74
941,100069,2025-07-07,debit,2807.65,salary,shopping,Delhi,1,180321.57
942,100031,2025-06-14,credit,686.84,upi,bill_payment,Bangalore,0,5519.21
943,100001,2025-02-03,debit,4384.59,imps,transfer,Hyderabad,0,320968.2
944,100005,2026-02-11,debit,29320.79,salary,shopping,Hyderabad,0,353886.97
945,100043,2025-12-05,debit,1755.71,atm,transfer,Chennai,0,421051.38
946,100043,2025-09-05,credit,636.0,upi,investment,Bangalore,0,306698.99
947,100094,2025-10-23,debit,1422.76,upi,rent,Mumbai,0,349264.28
948,100061,2025-10-11,credit,32474.13,upi,bill_payment,Hyderabad,0,78819.41
949,100039,2026-03-22,credit,1799.8,upi,investment,Delhi,0,474421.39
950,100090,2026-05-01,credit,1887.93,card,bill_payment,Pune,0,29325.41
951,100085,2025-06-01,debit,2514.01,salary,transfer,Mumbai,1,200968.6
952,100070,2026-01-01,credit,3077.24,neft,bill_payment,Pune,0,87033.96
953,100020,2026-04-27,debit,24921.66,imps,rent,Mumbai,0,278889.38
954,100049,2026-01-30,credit,17250.16,neft,bill_payment,Hyderabad,0,127610.04
955,100094,2025-07-20,debit,130.2,cash,travel,Chennai,1,89706.73
956,100099,2026-01-04,debit,418.03,card,investment,Chennai,1,318865.68
957,100013,2025-12-26,debit,2586.86,cash,rent,Chennai,1,6425.58
958,100033,2025-02-15,credit,1980.32,card,travel,Mumbai,0,394169.34
959,100047,2025-07-18,credit,2613.69,upi,investment,Mumbai,0,89075.3
960,100084,2025-12-13,credit,39742.2,cash,food,Mumbai,1,60084.39
961,100017,2025-07-17,credit,4937.2,atm,transfer,Delhi,0,171135.41
962,100039,2025-03-25,credit,18914.61,card,food,Mumbai,0,80213.42
963,100079,2026-01-06,credit,30100.27,imps,shopping,Bangalore,0,92579.41
964,100012,2025-01-25,debit,2248.92,card,rent,Hyderabad,0,478239.4
965,100041,2025-08-24,debit,3329.47,neft,salary,Hyderabad,0,285639.77
966,100019,2025-01-06,debit,7927.8,salary,rent,Delhi,0,8982.24
967,100052,2026-05-11,credit,46182.82,neft,rent,Mumbai,0,74137.47
968,100052,2026-03-08,credit,288.1,salary,food,Pune,0,435347.71
969,100009,2025-04-21,debit,23926.42,salary,investment,Bangalore,0,157723.26
970,100027,2026-02-04,credit,4683.85,cash,transfer,Hyderabad,0,197259.62
971,100071,2025-07-22,debit,1475.58,salary,salary,Bangalore,0,291461.29
972,100080,2025-01-04,debit,4840.35,atm,investment,Pune,0,424776.55
973,100014,2025-03-05,debit,993.59,atm,bill_payment,Hyderabad,0,389038.57
974,100075,2026-01-07,debit,25439.45,upi,rent,Chennai,0,347035.77
975,100090,2026-04-30,credit,24154.44,card,transfer,Chennai,0,370339.94
976,100024,2025-02-25,credit,107078.83,imps,transfer,Bangalore,1,87571.61
977,100053,2025-09-01,credit,3444.39,cash,food,Pune,0,438945.02
978,100068,2026-04-17,credit,1491.53,card,salary,Bangalore,0,326399.16
979,100017,2026-05-30,credit,19036.53,imps,food,Chennai,1,415399.98
980,100020,2025-04-07,debit,2477.97,neft,rent,Delhi,0,239177.0
981,100036,2025-06-30,credit,4394.21,card,bill_payment,Bangalore,1,39972.48
982,100039,2026-04-28,credit,2678.91,neft,salary,Hyderabad,0,477243.43
983,100070,2025-06-04,credit,1789.58,neft,transfer,Chennai,0,217506.27
984,100023,2025-08-13,credit,4783.77,card,shopping,Chennai,0,344335.37
985,100048,2025-06-02,credit,42679.81,card,food,Chennai,0,111029.89
986,100035,2025-01-02,debit,2583.93,upi,shopping,Pune,0,389568.02
987,100031,2025-08-28,credit,116.88,imps,salary,Chennai,1,85855.66
988,100056,2025-10-04,debit,3309.76,atm,investment,Mumbai,0,458157.69
989,100028,2025-05-11,debit,158.69,card,shopping,Bangalore,0,27183.96
990,100022,2025-06-22,credit,2239.19,neft,transfer,Mumbai,1,227666.41
991,100091,2026-04-01,credit,294.38,cash,travel,Chennai,0,63111.46
992,100052,2025-01-13,credit,49043.65,salary,food,Mumbai,1,38814.44
993,100028,2025-11-23,credit,2954.95,salary,rent,Bangalore,0,282480.45
994,100076,2025-06-18,credit,26168.49,cash,food,Chennai,0,363954.76
995,100014,2026-02-18,credit,2917.62,upi,food,Bangalore,1,320654.43
996,100001,2026-01-21,credit,4079.74,salary,rent,Mumbai,0,269667.7
997,100043,2026-01-30,debit,131981.51,salary,rent,Mumbai,0,56889.68
998,100044,2025-11-28,credit,13022.59,imps,transfer,Chennai,0,103422.87
999,100066,2025-01-24,credit,3755.44,imps,transfer,Delhi,0,33898.95
1000,100071,2025-02-05,credit,1970.11,card,food,Pune,0,22580.16
