customer_id,name,dob,pan,image_path
100001,ARUNIMA KARI,09/02/2004,FLIMA6161F,data/pan_images/PAN_001.png
100002,BAARKHA SETTY,25/02/1967,LYGEZ4443W,data/pan_images/PAN_002.png
100003,NAKUL DOSHI,10/08/1985,HEUZT3916E,data/pan_images/PAN_003.png
100004,BAGHYAWATI DANI,31/08/1975,CQMUT8940X,data/pan_images/PAN_004.png
100005,HARINAKSHI MUNSHI,10/05/1968,ACHIB9618A,data/pan_images/PAN_005.png
100006,GIRINDRA RATTAN,07/11/1961,ZBXWK7032B,data/pan_images/PAN_006.png
100007,AMRUTA MUKHOPADHYAY,23/09/1971,OKNIN9222Y,data/pan_images/PAN_007.png
100008,YATAN ANDRA,12/05/2002,NZOQC3018Q,data/pan_images/PAN_008.png
100009,BALENDRA VISWANATHAN,08/09/1994,OQASP7854O,data/pan_images/PAN_009.png
100010,VARSHA GILL,06/08/1977,BJQKZ6817U,data/pan_images/PAN_010.png
100011,POOJA TANK,27/10/1975,LTSYL5004T,data/pan_images/PAN_011.png
100012,TANVI HEGDE,24/01/1986,MVPZT7260T,data/pan_images/PAN_012.png
100013,CHRISTOPHER BARIA,15/12/1987,TKQVC2611J,data/pan_images/PAN_013.png
100014,TARA DIN,23/01/1980,FWUUD7360L,data/pan_images/PAN_014.png
100015,PUSHTI KUMER,10/05/1964,BZKBK8915V,data/pan_images/PAN_015.png
100016,TURVI AURORA,11/12/1985,ATLCI9949Q,data/pan_images/PAN_016.png
100017,ABDUL DUGAL,15/08/1976,TRITB9143Z,data/pan_images/PAN_017.png
100018,SHAURYA RASTOGI,16/10/1991,UXIGH6235U,data/pan_images/PAN_018.png
100019,JASON CHAUHAN,24/04/1966,CACAT2109O,data/pan_images/PAN_019.png
100020,ISAAC SANDAL,23/09/1979,HKQME9829E,data/pan_images/PAN_020.png
100021,OLIVER KARI,02/10/1994,LOAXW2259M,data/pan_images/PAN_021.png
100022,PRIYA KARA,03/09/1965,LFZQP1837A,data/pan_images/PAN_022.png
100023,BALVEER LUTHRA,01/06/1973,XQODZ4713M,data/pan_images/PAN_023.png
100024,VASANA KARAN,21/03/2005,ZTOFL2554Y,data/pan_images/PAN_024.png
100025,CHRISTOPHER MALL,24/04/1974,DSWCD2647S,data/pan_images/PAN_025.png
100026,OSHA JOHAL,02/07/1967,VVVUR1035E,data/pan_images/PAN_026.png
100027,CHAMPAK KEER,15/10/1999,WPTDB1244O,data/pan_images/PAN_027.png
100028,UCCHAL GOEL,15/08/1984,AUUCJ8597J,data/pan_images/PAN_028.png
100029,SAANVI CHEEMA,21/08/2001,KKLKB2907K,data/pan_images/PAN_029.png
100030,ANITA RAO,29/06/1974,ZTJXT3858L,data/pan_images/PAN_030.png
100031,GAGAN DUGAR,27/06/1968,XHQEL8189L,data/pan_images/PAN_031.png
100032,MASON BHATTACHARYYA,06/05/1982,TAWKQ8212C,data/pan_images/PAN_032.png
100033,NITARA GUHA,03/12/2000,WWABK2912S,data/pan_images/PAN_033.png
100034,EIRAVATI KARNIK,09/06/2002,YPZHM6103U,data/pan_images/PAN_034.png
100035,KALA TANK,10/03/1975,DBQKS7295B,data/pan_images/PAN_035.png
100036,YASHAWINI RAM,03/09/2004,WKVGW6782P,data/pan_images/PAN_036.png
100037,HEMA DASH,07/08/1981,DFBSO8289X,data/pan_images/PAN_037.png
100038,DAMYANTI KAUL,12/06/1985,XPHYK7395W,data/pan_images/PAN_038.png
100039,ODIKA RAO,17/08/2007,DZFJW8802M,data/pan_images/PAN_039.png
100040,MADHAV MAMMEN,16/01/1997,BHMQM8711X,data/pan_images/PAN_040.png
100041,QUINCY KURIAN,28/05/2004,IHZWA1317O,data/pan_images/PAN_041.png
100042,SUHANI GROVER,19/02/1985,REPOG2805R,data/pan_images/PAN_042.png
100043,YUVRAJ SWAMY,18/05/2000,MIARQ5478H,data/pan_images/PAN_043.png
100044,VANSHA WALIA,01/01/1980,VBQXP2929Q,data/pan_images/PAN_044.png
100045,HRITIK BANDI,24/02/1971,PKUGD7102B,data/pan_images/PAN_045.png
100046,VIRAJ SARKAR,17/04/1997,YFVDO1751G,data/pan_images/PAN_046.png
100047,VRISHTI GARA,23/12/1970,XKKXS5274G,data/pan_images/PAN_047.png
100048,ISHAAN CHEEMA,28/06/1965,MTQQR9166A,data/pan_images/PAN_048.png
100049,ABEER KALITA,31/08/1970,AJZCE9462U,data/pan_images/PAN_049.png
100050,UCCHAL GOYAL,03/07/1995,VRVRL3246T,data/pan_images/PAN_050.png
100051,RADHIKA DIVAN,08/02/1974,BURQE5569I,data/pan_images/PAN_051.png
100052,HEMAL BHAGAT,13/01/1985,XAEAQ6068E,data/pan_images/PAN_052.png
100053,BHAVNA PARSA,23/08/1997,SGSDQ6142S,data/pan_images/PAN_053.png
100054,DAYAMAI VYAS,19/12/2003,GYBIU2941K,data/pan_images/PAN_054.png
100055,EKIYA GROVER,04/09/1990,HPKYC1442I,data/pan_images/PAN_055.png
100056,ONVEER CHANDER,26/02/1993,KPJOL4037I,data/pan_images/PAN_056.png
100057,FORUM OM,01/04/1981,GLIKO9982S,data/pan_images/PAN_057.png
100058,ZEHAAN SRIDHAR,06/10/1965,BMCJH9863L,data/pan_images/PAN_058.png
100059,YASHODA BALAY,30/09/1977,ZDSBP4442Y,data/pan_images/PAN_059.png
100060,RUDRA KALA,19/05/1997,KWCMT6047B,data/pan_images/PAN_060.png
100061,JONATHAN BUCH,17/06/1968,WVGKV9424O,data/pan_images/PAN_061.png
100062,YASTI DASGUPTA,03/10/1986,PRNXH9017J,data/pan_images/PAN_062.png
100063,FARHAN BOBAL,10/09/1988,AEKSG7254S,data/pan_images/PAN_063.png
100064,UDARSH LANKA,27/07/1991,HUOCC8487S,data/pan_images/PAN_064.png
100065,GAURI SUNDARAM,12/11/1984,GRBFW6113G,data/pan_images/PAN_065.png
100066,JAGVI KURIAN,11/09/2007,QQTHG5967W,data/pan_images/PAN_066.png
100067,RIDHI BARIA,10/08/1980,HPBOZ8794I,data/pan_images/PAN_067.png
100068,JAIRAJ SHROFF,06/01/1981,ECBOM2655S,data/pan_images/PAN_068.png
100069,DHRITI THAMAN,05/05/1999,XDQNN7454L,data/pan_images/PAN_069.png
100070,FRADO SOOD,07/03/1982,KVDDC9593L,data/pan_images/PAN_070.png
100071,UNNATI DEY,14/07/1994,VVHDX3117Q,data/pan_images/PAN_071.png
100072,IKBAL BHATTACHARYYA,14/02/1989,BEUOX5145L,data/pan_images/PAN_072.png
100073,TARA VERMA,01/03/1999,MSEKC6934M,data/pan_images/PAN_073.png
100074,ZARNA HEGDE,13/01/2003,ZVLCH4484J,data/pan_images/PAN_074.png
100075,VYANJANA BEN,07/10/1999,WTZGO4127Z,data/pan_images/PAN_075.png
100076,TIMOTHY SAINI,15/02/1967,TDAFY1742X,data/pan_images/PAN_076.png
100077,NIDHI DHAR,27/08/1970,FQSBM3287U,data/pan_images/PAN_077.png
100078,KABIR MAHARAJ,29/07/2003,QIRSY7005N,data/pan_images/PAN_078.png
100079,VRITTI SURA,16/12/1986,CIDFG8474W,data/pan_images/PAN_079.png
100080,WARJAS RAMASWAMY,20/02/1963,QVXTS2655V,data/pan_images/PAN_080.png
100081,SAMARTH BARAL,19/04/1964,UNLSO3604E,data/pan_images/PAN_081.png
100082,ATHARV RANDHAWA,01/11/2007,RZCLK7316G,data/pan_images/PAN_082.png
100083,ETHAN BALASUBRAMANIAN,26/03/1961,YZBHD1741E,data/pan_images/PAN_083.png
100084,JEREMIAH DEEP,21/10/2005,BBUWZ8456N,data/pan_images/PAN_084.png
100085,ISHANVI BAL,25/09/1965,FZATB2423X,data/pan_images/PAN_085.png
100086,ANTHONY SARIN,13/01/1994,MDUHX7445K,data/pan_images/PAN_086.png
100087,ROBERT JHAVERI,11/06/1989,EWKQE3488U,data/pan_images/PAN_087.png
100088,ANDREW D’ALIA,14/07/1994,HZDLC2922F,data/pan_images/PAN_088.png
100089,URVASHI CHOUDHURY,14/01/1998,LUVRH9611C,data/pan_images/PAN_089.png
100090,CHANDRAN ARORA,13/04/1995,DDFAY8992A,data/pan_images/PAN_090.png
100091,HEMANGINI THAKUR,17/09/2004,QRNMQ2709L,data/pan_images/PAN_091.png
100092,ETHAN KEER,19/08/1966,MELXW6151Q,data/pan_images/PAN_092.png
100093,CHAMAN MOHANTY,22/08/1978,ODECU3313E,data/pan_images/PAN_093.png
100094,NIHARIKA BARAD,07/05/1975,BNLZR8603Q,data/pan_images/PAN_094.png
100095,MAANAS DESAI,14/11/1967,TBXWH5775N,data/pan_images/PAN_095.png
100096,GOPAL KATA,05/01/1966,MFGNA3429J,data/pan_images/PAN_096.png
100097,CHARITA SRINIVAS,25/04/1982,XZJBQ7635Y,data/pan_images/PAN_097.png
100098,GIRIK DYAL,16/07/2004,FTWIK5537U,data/pan_images/PAN_098.png
100099,AAYUSH SUBRAMANIAN,01/10/1978,OOLXB1125H,data/pan_images/PAN_099.png
100100,CHAMAN BEDI,05/04/2002,HJLCQ3380V,data/pan_images/PAN_100.png